Code Objet;CODE RND
CPT15;5.E.X.X.X
CPT068;5.3.1.3.2
CPT069;5.3.1.3.2
CPT077;5.3.1.3.2
CPT078;5.3.1.3.2
CPT510;5.3.1.3.2
30_CPT510;5.3.1.3.2
CPT075;5.3.1.1.1
CPT11;5.3.1.1.1
CPT01X;5.2.2.3.1
14_CPT01X;5.2.2.3.1
CPT505;5.1.2.3.5
CPT506;5.1.2.3.5
CPT507;5.1.2.3.5
CPT511;5.1.2.3.5
CPT512;5.1.2.3.5
CPT513;5.1.2.3.5
SCPT02;5.1.2.3.5
30_CPT513;5.1.2.3.5
LCF111;4.2.K.X.X
LCF215;4.2.K.X.X
LCF108;4.2.J.X.X
LCF213;4.2.J.X.X
LCF402;4.2.G.X.X
LCF211;4.2.D.X.X
LCF109;4.2.A.X.X
LCF212;4.2.A.X.X
COM14;4.2.3.4.5
RESOC;4.2.3.4.5
ENQ064;4.2.3.3.6
ENQ201;4.2.3.3.6
ENQ202;4.2.3.3.6
ENQ501;4.2.3.3.6
ENQ502;4.2.3.3.6
ENQ503;4.2.3.3.6
ENQ504;4.2.3.3.6
ENQ12;4.2.3.3.5
ENQ14;4.2.3.3.5
ENQ204;4.2.3.3.5
ACT530;4.2.3.3.1
ACT531;4.2.3.3.1
ENQ054;4.2.3.3.1
ENQ055;4.2.3.3.1
ENQ056;4.2.3.3.1
ENQ059;4.2.3.3.1
ENQ075;4.2.3.3.1
AFF515;4.2.3.3.0
AFF518;4.2.3.3.0
AFF519;4.2.3.3.0
AFF521;4.2.3.3.0
ASSU0142;4.2.3.3.0
ENQ02;4.2.3.3.0
ENQ05;4.2.3.3.0
ENQ06;4.2.3.3.0
ENQ068;4.2.3.3.0
ENQ069;4.2.3.3.0
ENQ07;4.2.3.3.0
ENQ070;4.2.3.3.0
ENQ071;4.2.3.3.0
ENQ073;4.2.3.3.0
ENQ074;4.2.3.3.0
ENQ08;4.2.3.3.0
ENQ10;4.2.3.3.0
ENQ505;4.2.3.3.0
GAR0108;4.2.3.3.0
01_SUC0102;4.2.3.3.0
SUC0102;4.2.3.3.0
03_SUC0102;4.2.3.3.0
06_SUC0102;4.2.3.3.0
15_ASSU0142;4.2.3.3.0
15_ENQ02;4.2.3.3.0
16_ASSU0142;4.2.3.3.0
18_SUC0102;4.2.3.3.0
22_SUC0102;4.2.3.3.0
23_ASSU0142;4.2.3.3.0
23_SUC0102;4.2.3.3.0
26_ASSU0142;4.2.3.3.0
26_SUC0102;4.2.3.3.0
LCF106;4.2.3.1.5
LCF206;4.2.3.1.5
LCF304;4.2.3.1.5
LCF110;4.2.3.1.3
LCF214;4.2.3.1.3
LCF102;4.2.2.3.1
LCF202;4.2.2.3.1
GDB30;4.2.2.2.4
GDB32;4.2.2.2.4
GDB33;4.2.2.2.4
LCF107;4.2.2.2.4
LCF210;4.2.2.2.4
LCF305;4.2.2.2.4
OCV01;4.2.2.2.4
OCV03;4.2.2.2.4
LCF104;4.2.2.2.2
LCF204;4.2.2.2.2
LCF208;4.2.2.2.2
LCF105;4.2.2.2.1
LCF205;4.2.2.2.1
LCF207;4.2.2.2.1
LCF303;4.2.2.2.1
LCF401;4.2.2.2.1
LCF101;4.2.2.1.1
LCF103;4.2.2.1.1
LCF201;4.2.2.1.1
LCF203;4.2.2.1.1
LCF301;4.2.2.1.1
LCF302;4.2.2.1.1
ACT19;4.2.1.1.1
FRA01;4.2.1.1.1
15_ACT19;4.2.1.1.1
ASSU0103;3.D.X.X.X
ASSU0106;3.D.X.X.X
ASSU0107;3.D.X.X.X
ASSU0108;3.D.X.X.X
COT033;3.D.X.X.X
COT034;3.D.X.X.X
COT078;3.D.X.X.X
COT080;3.D.X.X.X
COT422;3.D.X.X.X
COT461;3.D.X.X.X
COT462;3.D.X.X.X
HUI502;3.D.X.X.X
HUI506;3.D.X.X.X
HUI507;3.D.X.X.X
HUI513;3.D.X.X.X
SASS50;3.D.X.X.X
SASS51;3.D.X.X.X
SASS52;3.D.X.X.X
IND051;3.D.X.X.X
15_ASSU0103;3.D.X.X.X
16_ASSU0106;3.D.X.X.X
19_ASSU0103;3.D.X.X.X
20_ASSU0103;3.D.X.X.X
25_ASSU0103;3.D.X.X.X
29_COT422;3.D.X.X.X
30_COT034;3.D.X.X.X
30_COT422;3.D.X.X.X
ACT071;3.B.X.X.X
COM055;3.B.X.X.X
corresp;3.B.X.X.X
COT052*;3.B.X.X.X
COT088;3.B.X.X.X
COT403;3.B.X.X.X
COT463;3.B.X.X.X
COT464;3.B.X.X.X
COT465;3.B.X.X.X
COT466;3.B.X.X.X
COT467;3.B.X.X.X
COT468;3.B.X.X.X
COT472;3.B.X.X.X
COT476;3.B.X.X.X
COURR;3.B.X.X.X
COURRIER;3.B.X.X.X
CRAFF04;3.B.X.X.X
CRAFF05;3.B.X.X.X
CRAFF10;3.B.X.X.X
CRAPE04;3.B.X.X.X
CRAPE05;3.B.X.X.X
CRAPN04;3.B.X.X.X
CRAPN05;3.B.X.X.X
CRAPN10;3.B.X.X.X
CRARET04;3.B.X.X.X
CRARET05;3.B.X.X.X
CRARET10;3.B.X.X.X
CTX057;3.B.X.X.X
CTX059;3.B.X.X.X
CTX060;3.B.X.X.X
CTX062;3.B.X.X.X
CTX063;3.B.X.X.X
CTX064;3.B.X.X.X
CTX069;3.B.X.X.X
CTX070;3.B.X.X.X
CTX071;3.B.X.X.X
CTX073;3.B.X.X.X
CTX075;3.B.X.X.X
CTX076;3.B.X.X.X
CTX077;3.B.X.X.X
CTX078;3.B.X.X.X
CTX079;3.B.X.X.X
CTX086;3.B.X.X.X
CTX089;3.B.X.X.X
CTX091;3.B.X.X.X
CTX095;3.B.X.X.X
CTX096;3.B.X.X.X
CTX097;3.B.X.X.X
CTX098;3.B.X.X.X
CTX099;3.B.X.X.X
CTX101;3.B.X.X.X
CTX403;3.B.X.X.X
CTX404;3.B.X.X.X
CTX405;3.B.X.X.X
CTX406;3.B.X.X.X
CTX407;3.B.X.X.X
CTX531;3.B.X.X.X
CTX532;3.B.X.X.X
CTX542;3.B.X.X.X
CTX543;3.B.X.X.X
CTX552;3.B.X.X.X
CTX553;3.B.X.X.X
CTX554;3.B.X.X.X
CTX562;3.B.X.X.X
CTX563;3.B.X.X.X
CTX564;3.B.X.X.X
CTX565;3.B.X.X.X
CTX566;3.B.X.X.X
CTX567;3.B.X.X.X
CTX568;3.B.X.X.X
CTX572;3.B.X.X.X
CTX575;3.B.X.X.X
CTX576;3.B.X.X.X
CTX577;3.B.X.X.X
CTX578;3.B.X.X.X
CTX579;3.B.X.X.X
CTX580;3.B.X.X.X
CTX584;3.B.X.X.X
DIR04;3.B.X.X.X
DIV055;3.B.X.X.X
DIV057;3.B.X.X.X
DIV059;3.B.X.X.X
DIV060;3.B.X.X.X
DIV062;3.B.X.X.X
DIV063;3.B.X.X.X
DIV065;3.B.X.X.X
DIV502;3.B.X.X.X
DIV503;3.B.X.X.X
DIV504;3.B.X.X.X
DIV505;3.B.X.X.X
GAR0106;3.B.X.X.X
HUI0201;3.B.X.X.X
HUI512;3.B.X.X.X
JUD0502;3.B.X.X.X
01_PCC0401;3.B.X.X.X
PCC0401;3.B.X.X.X
PCC0402;3.B.X.X.X
PCC0403;3.B.X.X.X
PCC0404;3.B.X.X.X
PCC0405;3.B.X.X.X
PCC0406;3.B.X.X.X
PCC0707;3.B.X.X.X
RACT02;3.B.X.X.X
SANL04;3.B.X.X.X
SANL05;3.B.X.X.X
SCOU50;3.B.X.X.X
SMAN50;3.B.X.X.X
SMAN51;3.B.X.X.X
SMAN52;3.B.X.X.X
SMAN53;3.B.X.X.X
SMAN54;3.B.X.X.X
SMAN55;3.B.X.X.X
SUR0101;3.B.X.X.X
CPT10-L;3.B.X.X.X
IND01;3.B.X.X.X
IND066;3.B.X.X.X
04_DIV503;3.B.X.X.X
10_GAR0106;3.B.X.X.X
10_HUI0201;3.B.X.X.X
10_PCC0401;3.B.X.X.X
10_PCC0402;3.B.X.X.X
10_PCC0403;3.B.X.X.X
10_PCC0406;3.B.X.X.X
11_GAR0106;3.B.X.X.X
11_HUI0201;3.B.X.X.X
12_JUD0502;3.B.X.X.X
12_PCC0401;3.B.X.X.X
13_JUD0502;3.B.X.X.X
14_PCC0401;3.B.X.X.X
15_DIV502;3.B.X.X.X
15_DIV503;3.B.X.X.X
15_HUI0201;3.B.X.X.X
15_PCC0401;3.B.X.X.X
15_SMAN53;3.B.X.X.X
16_HUI0201;3.B.X.X.X
16_PCC0401;3.B.X.X.X
16_PCC0403;3.B.X.X.X
17_HUI0201;3.B.X.X.X
17_JUD0502;3.B.X.X.X
17_PCC0401;3.B.X.X.X
17_PCC0402;3.B.X.X.X
18_HUI0201;3.B.X.X.X
18_JUD0502;3.B.X.X.X
18_PCC0401;3.B.X.X.X
18_PCC0402;3.B.X.X.X
18_PCC0403;3.B.X.X.X
19_JUD0502;3.B.X.X.X
19_PCC0401;3.B.X.X.X
19_PCC0402;3.B.X.X.X
20_DIV503;3.B.X.X.X
20_JUD0502;3.B.X.X.X
20_PCC0401;3.B.X.X.X
22_RACT02;3.B.X.X.X
22_SUR0101;3.B.X.X.X
23_HUI0201;3.B.X.X.X
24_JUD0502;3.B.X.X.X
25_HUI0201;3.B.X.X.X
25_PCC0403;3.B.X.X.X
26_JUD0502;3.B.X.X.X
29_DIV503;3.B.X.X.X
29_PCC0401;3.B.X.X.X
29_RACT02;3.B.X.X.X
30_CTX405;3.B.X.X.X
30_DIV065;3.B.X.X.X
30_PCC0401;3.B.X.X.X
30_PCC0402;3.B.X.X.X
COM062;3.B.X.X.X
COM063;3.B.X.X.X
CTX017;3.B.X.X.X
CTX050;3.B.X.X.X
CTX057-L;3.B.X.X.X
CTX059-L;3.B.X.X.X
CTX089-L;3.B.X.X.X
DIV065-L;3.B.X.X.X
AR02;3.A.X.X.X
ASSU01;3.A.X.X.X
ASSU0104;3.A.X.X.X
ASSU03;3.A.X.X.X
ASSU04;3.A.X.X.X
ASSU05;3.A.X.X.X
CDC01;3.A.X.X.X
01_ASSU01;3.A.X.X.X
01_ASSU05;3.A.X.X.X
01_CPT02X;3.A.X.X.X
01_GAR0402;3.A.X.X.X
01_HUI0111;3.A.X.X.X
COM01;3.A.X.X.X
COM03;3.A.X.X.X
COT24;3.A.X.X.X
CPT02X;3.A.X.X.X
CPT09X;3.A.X.X.X
CRAFF06;3.A.X.X.X
CRARET06;3.A.X.X.X
CTX05;3.A.X.X.X
CTX06;3.A.X.X.X
CTX07;3.A.X.X.X
CTX12;3.A.X.X.X
CTX13;3.A.X.X.X
CTX14;3.A.X.X.X
CTX16;3.A.X.X.X
CTX17;3.A.X.X.X
CTX18;3.A.X.X.X
CTX19;3.A.X.X.X
CTX20;3.A.X.X.X
CTX402;3.A.X.X.X
CTX42;3.A.X.X.X
CTX46;3.A.X.X.X
CTX590;3.A.X.X.X
CTX591;3.A.X.X.X
DTS112;3.A.X.X.X
ENQ04;3.A.X.X.X
GAR0105;3.A.X.X.X
GAR04;3.A.X.X.X
GAR0402;3.A.X.X.X
GAR05;3.A.X.X.X
HUI01;3.A.X.X.X
HUI0111;3.A.X.X.X
HUI0203;3.A.X.X.X
HUI0204;3.A.X.X.X
HUI02X;3.A.X.X.X
HUI06;3.A.X.X.X
HUI07;3.A.X.X.X
JUD04;3.A.X.X.X
JUD0503;3.A.X.X.X
JUD07;3.A.X.X.X
JUD11;3.A.X.X.X
JUD13;3.A.X.X.X
01_PCC07;3.A.X.X.X
OPV04;3.A.X.X.X
OPV05;3.A.X.X.X
ORDO02;3.A.X.X.X
ORDO04;3.A.X.X.X
ORDO05;3.A.X.X.X
PCC07;3.A.X.X.X
PCC0702;3.A.X.X.X
PCC08;3.A.X.X.X
PCC0901;3.A.X.X.X
PCC0902;3.A.X.X.X
PCC10;3.A.X.X.X
PCC12;3.A.X.X.X
RACT0105;3.A.X.X.X
RACT0113;3.A.X.X.X
RACT03;3.A.X.X.X
RACT04;3.A.X.X.X
SANL01;3.A.X.X.X
SANL02;3.A.X.X.X
SANL06;3.A.X.X.X
SCOU01;3.A.X.X.X
SCOU02;3.A.X.X.X
SCOU03;3.A.X.X.X
SCOU04;3.A.X.X.X
SCOU05;3.A.X.X.X
SCOU06;3.A.X.X.X
SDIV01;3.A.X.X.X
SENQ01;3.A.X.X.X
SENQ02;3.A.X.X.X
SJUD08;3.A.X.X.X
SOTD01;3.A.X.X.X
SOTD02;3.A.X.X.X
SOTD03;3.A.X.X.X
SUC02;3.A.X.X.X
SUC03;3.A.X.X.X
SUR0102;3.A.X.X.X
SUR03;3.A.X.X.X
SUR04;3.A.X.X.X
TIT06;3.A.X.X.X
TRIBAFF05;3.A.X.X.X
TRIBAPP05;3.A.X.X.X
TRIBCOM05;3.A.X.X.X
TRIBCOR05;3.A.X.X.X
TRIBCTX05;3.A.X.X.X
TRIBDIV06;3.A.X.X.X
TRIBJEX05;3.A.X.X.X
TRIBOPC05;3.A.X.X.X
TRIBRET05;3.A.X.X.X
01_HUI02X;3.A.X.X.X
01_JUD07;3.A.X.X.X
TRIBSAN05;3.A.X.X.X
02_ASSU01;3.A.X.X.X
URS01;3.A.X.X.X
02_ASSU05;3.A.X.X.X
02_CPT02X;3.A.X.X.X
02_GAR05;3.A.X.X.X
02_HUI02X;3.A.X.X.X
02_JUD07;3.A.X.X.X
02_PCC08;3.A.X.X.X
02_SUR03;3.A.X.X.X
03_ASSU01;3.A.X.X.X
03_SUR04;3.A.X.X.X
04_ASSU01;3.A.X.X.X
04_ASSU03;3.A.X.X.X
04_ASSU05;3.A.X.X.X
04_JUD04;3.A.X.X.X
04_JUD0503;3.A.X.X.X
04_JUD07;3.A.X.X.X
04_JUD13;3.A.X.X.X
04_ORDO02;3.A.X.X.X
04_PCC07;3.A.X.X.X
04_SUC03;3.A.X.X.X
04_SUR04;3.A.X.X.X
05_JUD07;3.A.X.X.X
05_RACT04;3.A.X.X.X
06_AR02;3.A.X.X.X
06_ASSU01;3.A.X.X.X
06_ASSU03;3.A.X.X.X
06_CPT02X;3.A.X.X.X
06_HUI0111;3.A.X.X.X
06_HUI07;3.A.X.X.X
06_JUD04;3.A.X.X.X
06_JUD13;3.A.X.X.X
06_PCC07;3.A.X.X.X
06_PCC0702;3.A.X.X.X
06_PCC08;3.A.X.X.X
06_PCC12;3.A.X.X.X
07_AR02;3.A.X.X.X
07_ASSU01;3.A.X.X.X
07_CPT02X;3.A.X.X.X
07_HUI02X;3.A.X.X.X
07_HUI07;3.A.X.X.X
07_JUD0503;3.A.X.X.X
07_OPV05;3.A.X.X.X
07_SUR04;3.A.X.X.X
08_ASSU01;3.A.X.X.X
08_ASSU04;3.A.X.X.X
08_ASSU05;3.A.X.X.X
08_CPT02X;3.A.X.X.X
08_HUI0111;3.A.X.X.X
08_HUI02X;3.A.X.X.X
08_RACT04;3.A.X.X.X
09_ASSU01;3.A.X.X.X
09_CPT02X;3.A.X.X.X
09_HUI0111;3.A.X.X.X
09_HUI02X;3.A.X.X.X
09_HUI06;3.A.X.X.X
09_JUD04;3.A.X.X.X
09_JUD07;3.A.X.X.X
09_JUD13;3.A.X.X.X
09_PCC0702;3.A.X.X.X
09_SUR0102;3.A.X.X.X
09_SUR04;3.A.X.X.X
10_AR02;3.A.X.X.X
10_ASSU01;3.A.X.X.X
10_ASSU03;3.A.X.X.X
10_ASSU05;3.A.X.X.X
10_CPT02X;3.A.X.X.X
10_GAR0105;3.A.X.X.X
10_HUI0111;3.A.X.X.X
10_HUI0203;3.A.X.X.X
10_HUI02X;3.A.X.X.X
10_HUI06;3.A.X.X.X
10_HUI07;3.A.X.X.X
10_JUD04;3.A.X.X.X
10_JUD0503;3.A.X.X.X
10_JUD07;3.A.X.X.X
10_JUD11;3.A.X.X.X
10_JUD13;3.A.X.X.X
10_PCC07;3.A.X.X.X
10_PCC0702;3.A.X.X.X
10_PCC08;3.A.X.X.X
10_PCC10;3.A.X.X.X
10_PCC12;3.A.X.X.X
10_RACT0105;3.A.X.X.X
10_RACT04;3.A.X.X.X
10_SUR0102;3.A.X.X.X
10_SUR03;3.A.X.X.X
10_SUR04;3.A.X.X.X
11_ASSU01;3.A.X.X.X
11_ASSU05;3.A.X.X.X
11_HUI0111;3.A.X.X.X
11_HUI02X;3.A.X.X.X
11_HUI07;3.A.X.X.X
11_JUD07;3.A.X.X.X
11_PCC07;3.A.X.X.X
11_SUR0102;3.A.X.X.X
12_ASSU01;3.A.X.X.X
12_ASSU04;3.A.X.X.X
12_ASSU05;3.A.X.X.X
12_CPT02X;3.A.X.X.X
12_HUI0111;3.A.X.X.X
12_JUD04;3.A.X.X.X
12_JUD07;3.A.X.X.X
12_PCC07;3.A.X.X.X
12_PCC0702;3.A.X.X.X
13_ASSU01;3.A.X.X.X
13_ASSU03;3.A.X.X.X
13_ASSU05;3.A.X.X.X
13_HUI0111;3.A.X.X.X
13_HUI02X;3.A.X.X.X
13_JUD04;3.A.X.X.X
13_JUD07;3.A.X.X.X
13_JUD13;3.A.X.X.X
13_OPV05;3.A.X.X.X
13_ORDO05;3.A.X.X.X
13_PCC12;3.A.X.X.X
14_ASSU01;3.A.X.X.X
14_ASSU03;3.A.X.X.X
14_ASSU04;3.A.X.X.X
14_ASSU05;3.A.X.X.X
14_CPT02X;3.A.X.X.X
14_HUI02X;3.A.X.X.X
14_HUI07;3.A.X.X.X
14_JUD04;3.A.X.X.X
14_JUD07;3.A.X.X.X
14_JUD13;3.A.X.X.X
14_ORDO05;3.A.X.X.X
14_PCC12;3.A.X.X.X
15_ASSU01;3.A.X.X.X
15_ASSU03;3.A.X.X.X
15_ASSU04;3.A.X.X.X
15_ASSU05;3.A.X.X.X
15_CPT02X;3.A.X.X.X
15_HUI0111;3.A.X.X.X
15_HUI02X;3.A.X.X.X
15_HUI06;3.A.X.X.X
15_HUI07;3.A.X.X.X
15_JUD04;3.A.X.X.X
15_JUD0503;3.A.X.X.X
15_JUD07;3.A.X.X.X
15_JUD13;3.A.X.X.X
15_PCC07;3.A.X.X.X
15_PCC0702;3.A.X.X.X
15_PCC08;3.A.X.X.X
15_PCC0902;3.A.X.X.X
15_PCC10;3.A.X.X.X
15_PCC12;3.A.X.X.X
15_RACT0105;3.A.X.X.X
15_RACT04;3.A.X.X.X
15_SUR0102;3.A.X.X.X
15_SUR03;3.A.X.X.X
15_SUR04;3.A.X.X.X
15_TIT06;3.A.X.X.X
16_AR02;3.A.X.X.X
16_ASSU01;3.A.X.X.X
16_ASSU03;3.A.X.X.X
16_ASSU04;3.A.X.X.X
16_ASSU05;3.A.X.X.X
16_CPT02X;3.A.X.X.X
16_GAR0402;3.A.X.X.X
16_HUI0111;3.A.X.X.X
16_HUI0203;3.A.X.X.X
16_HUI02X;3.A.X.X.X
16_HUI07;3.A.X.X.X
16_JUD04;3.A.X.X.X
16_JUD0503;3.A.X.X.X
16_JUD07;3.A.X.X.X
16_JUD11;3.A.X.X.X
16_JUD13;3.A.X.X.X
16_OPV05;3.A.X.X.X
16_PCC07;3.A.X.X.X
16_PCC0702;3.A.X.X.X
16_PCC10;3.A.X.X.X
16_SUC03;3.A.X.X.X
16_SUR03;3.A.X.X.X
16_SUR04;3.A.X.X.X
17_AR02;3.A.X.X.X
17_ASSU01;3.A.X.X.X
17_ASSU05;3.A.X.X.X
17_HUI0111;3.A.X.X.X
17_HUI0204;3.A.X.X.X
17_HUI07;3.A.X.X.X
17_JUD04;3.A.X.X.X
17_JUD0503;3.A.X.X.X
17_JUD07;3.A.X.X.X
17_JUD11;3.A.X.X.X
17_JUD13;3.A.X.X.X
17_OPV05;3.A.X.X.X
17_ORDO05;3.A.X.X.X
17_PCC0702;3.A.X.X.X
17_PCC12;3.A.X.X.X
17_SUR0102;3.A.X.X.X
17_SUR04;3.A.X.X.X
18_ASSU01;3.A.X.X.X
18_ASSU03;3.A.X.X.X
18_ASSU05;3.A.X.X.X
18_HUI0111;3.A.X.X.X
18_HUI02X;3.A.X.X.X
18_HUI07;3.A.X.X.X
18_JUD04;3.A.X.X.X
18_JUD0503;3.A.X.X.X
18_JUD07;3.A.X.X.X
18_JUD13;3.A.X.X.X
18_OPV05;3.A.X.X.X
18_ORDO02;3.A.X.X.X
18_PCC07;3.A.X.X.X
18_PCC0702;3.A.X.X.X
18_PCC12;3.A.X.X.X
18_RACT0105;3.A.X.X.X
18_SUR0102;3.A.X.X.X
18_SUR04;3.A.X.X.X
19_AR02;3.A.X.X.X
19_ASSU01;3.A.X.X.X
19_ASSU03;3.A.X.X.X
19_ASSU04;3.A.X.X.X
19_ASSU05;3.A.X.X.X
19_CPT02X;3.A.X.X.X
19_HUI0111;3.A.X.X.X
19_HUI0203;3.A.X.X.X
19_HUI02X;3.A.X.X.X
19_JUD04;3.A.X.X.X
19_JUD0503;3.A.X.X.X
19_JUD07;3.A.X.X.X
19_JUD11;3.A.X.X.X
19_JUD13;3.A.X.X.X
19_PCC07;3.A.X.X.X
19_PCC0702;3.A.X.X.X
19_PCC0902;3.A.X.X.X
19_SUR0102;3.A.X.X.X
19_SUR04;3.A.X.X.X
20_ASSU01;3.A.X.X.X
20_ASSU05;3.A.X.X.X
20_CPT02X;3.A.X.X.X
20_HUI0111;3.A.X.X.X
20_HUI02X;3.A.X.X.X
20_HUI06;3.A.X.X.X
20_HUI07;3.A.X.X.X
20_JUD04;3.A.X.X.X
20_JUD0503;3.A.X.X.X
20_JUD07;3.A.X.X.X
20_JUD13;3.A.X.X.X
20_OPV05;3.A.X.X.X
20_PCC07;3.A.X.X.X
20_PCC0702;3.A.X.X.X
20_PCC08;3.A.X.X.X
20_PCC12;3.A.X.X.X
20_RACT04;3.A.X.X.X
20_SUR0102;3.A.X.X.X
20_SUR04;3.A.X.X.X
21_AR02;3.A.X.X.X
21_ASSU01;3.A.X.X.X
21_CPT02X;3.A.X.X.X
21_HUI0111;3.A.X.X.X
21_HUI02X;3.A.X.X.X
21_JUD04;3.A.X.X.X
21_JUD07;3.A.X.X.X
21_SUC03;3.A.X.X.X
21_SUR04;3.A.X.X.X
22_ASSU01;3.A.X.X.X
22_ASSU04;3.A.X.X.X
22_ASSU05;3.A.X.X.X
22_CPT02X;3.A.X.X.X
22_HUI0111;3.A.X.X.X
22_HUI02X;3.A.X.X.X
22_HUI07;3.A.X.X.X
22_JUD04;3.A.X.X.X
22_JUD13;3.A.X.X.X
22_SUC02;3.A.X.X.X
22_SUR0102;3.A.X.X.X
22_SUR04;3.A.X.X.X
22_TIT06;3.A.X.X.X
23_AR02;3.A.X.X.X
23_ASSU01;3.A.X.X.X
23_ASSU03;3.A.X.X.X
23_ASSU04;3.A.X.X.X
23_ASSU05;3.A.X.X.X
23_CPT02X;3.A.X.X.X
23_HUI0111;3.A.X.X.X
23_HUI02X;3.A.X.X.X
23_HUI07;3.A.X.X.X
23_JUD0503;3.A.X.X.X
23_JUD07;3.A.X.X.X
23_JUD13;3.A.X.X.X
23_OPV05;3.A.X.X.X
23_RACT04;3.A.X.X.X
23_SUR0102;3.A.X.X.X
23_SUR04;3.A.X.X.X
24_AR02;3.A.X.X.X
24_ASSU01;3.A.X.X.X
24_ASSU03;3.A.X.X.X
24_ASSU05;3.A.X.X.X
24_CPT02X;3.A.X.X.X
24_GAR0402;3.A.X.X.X
24_HUI02X;3.A.X.X.X
24_HUI07;3.A.X.X.X
24_JUD04;3.A.X.X.X
24_JUD07;3.A.X.X.X
24_JUD13;3.A.X.X.X
24_PCC07;3.A.X.X.X
24_PCC0702;3.A.X.X.X
24_SUC03;3.A.X.X.X
24_SUR04;3.A.X.X.X
25_ASSU01;3.A.X.X.X
25_ASSU05;3.A.X.X.X
25_HUI0111;3.A.X.X.X
25_HUI02X;3.A.X.X.X
25_HUI06;3.A.X.X.X
25_HUI07;3.A.X.X.X
25_JUD04;3.A.X.X.X
25_JUD0503;3.A.X.X.X
25_JUD07;3.A.X.X.X
25_PCC0702;3.A.X.X.X
25_PCC10;3.A.X.X.X
25_PCC12;3.A.X.X.X
25_RACT04;3.A.X.X.X
25_SUR0102;3.A.X.X.X
25_SUR04;3.A.X.X.X
26_ASSU01;3.A.X.X.X
26_ASSU04;3.A.X.X.X
26_ASSU05;3.A.X.X.X
26_CPT02X;3.A.X.X.X
26_GAR05;3.A.X.X.X
26_HUI0111;3.A.X.X.X
26_HUI02X;3.A.X.X.X
26_HUI07;3.A.X.X.X
26_JUD04;3.A.X.X.X
26_JUD0503;3.A.X.X.X
26_JUD07;3.A.X.X.X
26_OPV05;3.A.X.X.X
26_SUC03;3.A.X.X.X
26_SUR0102;3.A.X.X.X
26_SUR03;3.A.X.X.X
29_ASSU01;3.A.X.X.X
29_ASSU03;3.A.X.X.X
29_ASSU04;3.A.X.X.X
29_ASSU05;3.A.X.X.X
29_HUI0111;3.A.X.X.X
29_JUD07;3.A.X.X.X
29_OPV05;3.A.X.X.X
29_PCC12;3.A.X.X.X
30_JUD04;3.A.X.X.X
30_OPV05;3.A.X.X.X
30_PCC0702;3.A.X.X.X
CTX;3.A.X.X.X
CTX002;3.A.X.X.X
CTX05L;3.A.X.X.X
CTX70;3.A.X.X.X
CTX80;3.A.X.X.X
CTX81;3.A.X.X.X
FICOBHUI;3.A.X.X.X
IMP01;3.A.X.X.X
COT559;3.3.3.1.1
COT560;3.3.3.1.1
DIR055;3.3.2.2.1
DIR056;3.3.2.2.1
DIR057;3.3.2.2.1
COM066;3.3.2.1.1
COT15;3.3.2.1.1
CTX51;3.3.2.1.1
CTX569;3.3.2.1.1
CTX570;3.3.2.1.1
PCC0706;3.3.2.1.1
RACT0102;3.3.2.1.1
10_RACT0102;3.3.2.1.1
16_PCC0706;3.3.2.1.1
18_RACT0102;3.3.2.1.1
30_PCC0706;3.3.2.1.1
ANV;3.3.2.1.1
COM400;3.3.1.1.3
COM405;3.3.1.1.3
COM406;3.3.1.1.3
COM502;3.3.1.1.3
COM506;3.3.1.1.3
COT406;3.3.1.1.3
COT434;3.3.1.1.3
COT435;3.3.1.1.3
COM059;3.3.1.1.2
COM401;3.3.1.1.2
COM402;3.3.1.1.2
COM403;3.3.1.1.2
COM404;3.3.1.1.2
COM407;3.3.1.1.2
COM408;3.3.1.1.2
COM409;3.3.1.1.2
COM410;3.3.1.1.2
COM411;3.3.1.1.2
COM412;3.3.1.1.2
COM413;3.3.1.1.2
COM414;3.3.1.1.2
COM415;3.3.1.1.2
COM416;3.3.1.1.2
COM417;3.3.1.1.2
COM501;3.3.1.1.2
COM503;3.3.1.1.2
COM504;3.3.1.1.2
COM505;3.3.1.1.2
COM507;3.3.1.1.2
COM508;3.3.1.1.2
COM509;3.3.1.1.2
COM510;3.3.1.1.2
COT592;3.3.1.1.2
DIR051;3.3.1.1.2
DIR053;3.3.1.1.2
DIR054;3.3.1.1.2
DIR400;3.3.1.1.2
DIR401;3.3.1.1.2
DIR402;3.3.1.1.2
DIR501;3.3.1.1.2
DIR502;3.3.1.1.2
DIR503;3.3.1.1.2
DIR504;3.3.1.1.2
DIR505;3.3.1.1.2
DIR506;3.3.1.1.2
DIR507;3.3.1.1.2
DIR99;3.3.1.1.2
OC061;3.3.1.1.2
SASS68;3.3.1.1.2
SASS69;3.3.1.1.2
SASS70;3.3.1.1.2
04_DIR400;3.3.1.1.2
15_DIR506;3.3.1.1.2
ASSU0101;3.3.1.1.1
ASSU0124;3.3.1.1.1
ASSU0125;3.3.1.1.1
ASSU0126;3.3.1.1.1
01_COM418;3.3.1.1.1
COM08;3.3.1.1.1
COM09;3.3.1.1.1
COM418;3.3.1.1.1
COM419;3.3.1.1.1
COT073*;3.3.1.1.1
COT405;3.3.1.1.1
COT421;3.3.1.1.1
COT432;3.3.1.1.1
COT433;3.3.1.1.1
DIR01;3.3.1.1.1
DIR02;3.3.1.1.1
DIR03;3.3.1.1.1
DIR05;3.3.1.1.1
DIR06;3.3.1.1.1
RACT0112;3.3.1.1.1
06_COM418;3.3.1.1.1
07_ASSU0101;3.3.1.1.1
07_COM418;3.3.1.1.1
08_ASSU0101;3.3.1.1.1
08_COM418;3.3.1.1.1
10_COM418;3.3.1.1.1
11_COM418;3.3.1.1.1
12_COM418;3.3.1.1.1
13_COM418;3.3.1.1.1
14_COM418;3.3.1.1.1
15_COM418;3.3.1.1.1
15_DIR01;3.3.1.1.1
16_COM418;3.3.1.1.1
17_COM418;3.3.1.1.1
18_COM418;3.3.1.1.1
19_ASSU0101;3.3.1.1.1
19_COM418;3.3.1.1.1
20_COM08;3.3.1.1.1
20_COM418;3.3.1.1.1
21_COM418;3.3.1.1.1
22_ASSU0101;3.3.1.1.1
22_COM418;3.3.1.1.1
23_ASSU0101;3.3.1.1.1
23_COM418;3.3.1.1.1
24_COM418;3.3.1.1.1
25_COM418;3.3.1.1.1
26_COM418;3.3.1.1.1
30_COM08;3.3.1.1.1
30_COM418;3.3.1.1.1
CTX094;3.2.A.X.X
DIV04;3.2.5.2.4
ORDO0104;3.2.5.2.4
SUC0101;3.2.5.2.4
SUC066;3.2.5.2.4
03_SUC0101;3.2.5.2.4
05_SUC0101;3.2.5.2.4
06_SUC0101;3.2.5.2.4
09_SUC0101;3.2.5.2.4
10_SUC0101;3.2.5.2.4
15_ORDO0104;3.2.5.2.4
16_SUC0101;3.2.5.2.4
17_SUC0101;3.2.5.2.4
18_SUC0101;3.2.5.2.4
19_SUC0101;3.2.5.2.4
20_SUC0101;3.2.5.2.4
21_SUC0101;3.2.5.2.4
22_SUC0101;3.2.5.2.4
24_SUC0101;3.2.5.2.4
25_SUC0101;3.2.5.2.4
26_SUC0101;3.2.5.2.4
HUI509;3.2.5.2.1
SCPT03;3.2.5.1.5
SCPT06;3.2.5.1.5
ORDO0102;3.2.5.1.2
SCPT05;3.2.5.1.2
10_ORDO0102;3.2.5.1.2
12_ORDO0102;3.2.5.1.2
15_ORDO0102;3.2.5.1.2
16_ORDO0102;3.2.5.1.2
17_ORDO0102;3.2.5.1.2
18_ORDO0102;3.2.5.1.2
20_ORDO0102;3.2.5.1.2
24_ORDO0102;3.2.5.1.2
25_ORDO0102;3.2.5.1.2
26_ORDO0102;3.2.5.1.2
30_ORDO0102;3.2.5.1.2
HUI02;3.2.5.1.1
HUI501;3.2.5.1.1
HUI503;3.2.5.1.1
HUI504;3.2.5.1.1
HUI505;3.2.5.1.1
HUI511;3.2.5.1.1
ORDO01;3.2.5.1.1
ORDO0101;3.2.5.1.1
ORDO0103;3.2.5.1.1
ORDO0105;3.2.5.1.1
ORDO0107;3.2.5.1.1
SCPT04;3.2.5.1.1
SJUD07;3.2.5.1.1
SOPV03;3.2.5.1.1
02_ORDO0103;3.2.5.1.1
10_ORDO0103;3.2.5.1.1
12_ORDO0103;3.2.5.1.1
15_ORDO0103;3.2.5.1.1
16_ORDO0103;3.2.5.1.1
17_ORDO0103;3.2.5.1.1
18_ORDO0103;3.2.5.1.1
20_ORDO0103;3.2.5.1.1
24_ORDO0103;3.2.5.1.1
30_ORDO0103;3.2.5.1.1
COM057;3.2.4.C.X
CTX506;3.2.4.C.X
CTX074;3.2.4.B.X
CTX557;3.2.4.B.X
CTX558;3.2.4.B.X
CTX559;3.2.4.B.X
JUD0404;3.2.4.B.X
JUD0504;3.2.4.B.X
JUD0805;3.2.4.B.X
JUD0807;3.2.4.B.X
08_JUD0404;3.2.4.B.X
09_JUD0404;3.2.4.B.X
09_JUD0807;3.2.4.B.X
10_JUD0404;3.2.4.B.X
10_JUD0504;3.2.4.B.X
10_JUD0807;3.2.4.B.X
11_JUD0504;3.2.4.B.X
13_JUD0504;3.2.4.B.X
15_JUD0404;3.2.4.B.X
15_JUD0805;3.2.4.B.X
16_JUD0504;3.2.4.B.X
17_JUD0404;3.2.4.B.X
18_JUD0404;3.2.4.B.X
18_JUD0504;3.2.4.B.X
19_JUD0404;3.2.4.B.X
19_JUD0504;3.2.4.B.X
20_JUD0504;3.2.4.B.X
23_JUD0807;3.2.4.B.X
24_JUD0805;3.2.4.B.X
26_JUD0404;3.2.4.B.X
COT402;3.2.4.A.X
CTX04;3.2.4.A.X
CTX083;3.2.4.A.X
CTX515;3.2.4.A.X
CTX549;3.2.4.A.X
JUD03;3.2.4.A.X
JUD0301;3.2.4.A.X
JUD0302;3.2.4.A.X
JUD0303;3.2.4.A.X
JUD0304;3.2.4.A.X
JUD0305;3.2.4.A.X
JUD0306;3.2.4.A.X
JUD0403;3.2.4.A.X
SJUD04;3.2.4.A.X
SUR0113;3.2.4.A.X
TRIBAFF02;3.2.4.A.X
TRIBAPP02;3.2.4.A.X
TRIBCOM02;3.2.4.A.X
TRIBCOR02;3.2.4.A.X
TRIBCTX02;3.2.4.A.X
TRIBDIV03;3.2.4.A.X
TRIBJEX02;3.2.4.A.X
TRIBOPC02;3.2.4.A.X
TRIBRET02;3.2.4.A.X
TRIBSAN02;3.2.4.A.X
01_JUD03;3.2.4.A.X
02_JUD03;3.2.4.A.X
02_JUD0301;3.2.4.A.X
03_JUD0403;3.2.4.A.X
04_JUD03;3.2.4.A.X
06_JUD03;3.2.4.A.X
06_JUD0301;3.2.4.A.X
06_JUD0302;3.2.4.A.X
08_JUD0301;3.2.4.A.X
08_JUD0305;3.2.4.A.X
09_JUD03;3.2.4.A.X
09_JUD0301;3.2.4.A.X
09_JUD0304;3.2.4.A.X
09_JUD0403;3.2.4.A.X
10_JUD03;3.2.4.A.X
10_JUD0301;3.2.4.A.X
10_JUD0302;3.2.4.A.X
10_JUD0303;3.2.4.A.X
10_JUD0304;3.2.4.A.X
10_JUD0305;3.2.4.A.X
10_JUD0403;3.2.4.A.X
10_SUR0113;3.2.4.A.X
11_JUD0303;3.2.4.A.X
12_JUD03;3.2.4.A.X
12_JUD0301;3.2.4.A.X
12_JUD0403;3.2.4.A.X
14_JUD03;3.2.4.A.X
15_JUD03;3.2.4.A.X
15_JUD0301;3.2.4.A.X
15_JUD0403;3.2.4.A.X
16_JUD03;3.2.4.A.X
16_JUD0301;3.2.4.A.X
16_JUD0303;3.2.4.A.X
16_JUD0304;3.2.4.A.X
16_JUD0305;3.2.4.A.X
16_JUD0403;3.2.4.A.X
16_SUR0113;3.2.4.A.X
17_JUD03;3.2.4.A.X
17_JUD0403;3.2.4.A.X
18_JUD03;3.2.4.A.X
18_JUD0301;3.2.4.A.X
18_JUD0302;3.2.4.A.X
18_JUD0304;3.2.4.A.X
18_JUD0403;3.2.4.A.X
19_JUD03;3.2.4.A.X
19_JUD0305;3.2.4.A.X
19_JUD0403;3.2.4.A.X
20_JUD03;3.2.4.A.X
20_JUD0301;3.2.4.A.X
20_JUD0305;3.2.4.A.X
20_SUR0113;3.2.4.A.X
21_JUD0403;3.2.4.A.X
22_JUD0403;3.2.4.A.X
22_SUR0113;3.2.4.A.X
23_JUD03;3.2.4.A.X
23_JUD0301;3.2.4.A.X
23_JUD0305;3.2.4.A.X
24_JUD03;3.2.4.A.X
24_JUD0301;3.2.4.A.X
24_JUD0302;3.2.4.A.X
24_JUD0403;3.2.4.A.X
25_SUR0113;3.2.4.A.X
26_JUD03;3.2.4.A.X
26_JUD0301;3.2.4.A.X
26_JUD0305;3.2.4.A.X
26_JUD0403;3.2.4.A.X
29_JUD03;3.2.4.A.X
CTX21;3.2.4.A.X
CTX22;3.2.4.A.X
JUD08;3.2.4.3.2
SJUD01;3.2.4.3.2
SJUD09;3.2.4.3.2
CTX051;3.2.4.2.8
CTX052;3.2.4.2.8
CTX072;3.2.4.2.8
CTX517;3.2.4.2.8
CTX518;3.2.4.2.8
CTX519;3.2.4.2.8
CTX520;3.2.4.2.8
CTX528;3.2.4.2.8
CTX529;3.2.4.2.8
CTX530;3.2.4.2.8
JUD06;3.2.4.2.8
JUD0802;3.2.4.2.8
JUD0803;3.2.4.2.8
JUD0804;3.2.4.2.8
ORDO03;3.2.4.2.8
SJUD05;3.2.4.2.8
SJUD06;3.2.4.2.8
TRIBAPP04;3.2.4.2.8
TRIBCOM04;3.2.4.2.8
TRIBCOR04;3.2.4.2.8
TRIBCTX04;3.2.4.2.8
TRIBDIV05;3.2.4.2.8
TRIBJEX04;3.2.4.2.8
TRIBOPC04;3.2.4.2.8
02_JUD08;3.2.4.2.8
04_JUD06;3.2.4.2.8
04_JUD08;3.2.4.2.8
06_JUD06;3.2.4.2.8
06_JUD08;3.2.4.2.8
06_JUD0803;3.2.4.2.8
09_JUD06;3.2.4.2.8
09_JUD08;3.2.4.2.8
10_JUD06;3.2.4.2.8
10_JUD08;3.2.4.2.8
10_JUD0802;3.2.4.2.8
10_JUD0803;3.2.4.2.8
10_JUD0804;3.2.4.2.8
11_JUD06;3.2.4.2.8
11_JUD0804;3.2.4.2.8
12_JUD08;3.2.4.2.8
12_JUD0804;3.2.4.2.8
14_JUD06;3.2.4.2.8
14_JUD08;3.2.4.2.8
14_JUD0802;3.2.4.2.8
14_JUD0803;3.2.4.2.8
15_JUD06;3.2.4.2.8
15_JUD08;3.2.4.2.8
15_JUD0804;3.2.4.2.8
16_JUD06;3.2.4.2.8
16_JUD08;3.2.4.2.8
16_JUD0802;3.2.4.2.8
16_JUD0803;3.2.4.2.8
16_JUD0804;3.2.4.2.8
17_JUD06;3.2.4.2.8
17_JUD08;3.2.4.2.8
17_ORDO03;3.2.4.2.8
18_JUD06;3.2.4.2.8
18_JUD08;3.2.4.2.8
18_JUD0802;3.2.4.2.8
18_JUD0804;3.2.4.2.8
18_ORDO03;3.2.4.2.8
19_JUD06;3.2.4.2.8
19_JUD08;3.2.4.2.8
19_JUD0804;3.2.4.2.8
19_ORDO03;3.2.4.2.8
20_JUD06;3.2.4.2.8
20_JUD08;3.2.4.2.8
20_JUD0802;3.2.4.2.8
20_JUD0803;3.2.4.2.8
20_JUD0804;3.2.4.2.8
21_JUD06;3.2.4.2.8
22_JUD0802;3.2.4.2.8
23_JUD06;3.2.4.2.8
24_JUD06;3.2.4.2.8
24_JUD08;3.2.4.2.8
24_JUD0803;3.2.4.2.8
25_JUD06;3.2.4.2.8
25_JUD0804;3.2.4.2.8
25_ORDO03;3.2.4.2.8
29_JUD06;3.2.4.2.8
29_JUD0804;3.2.4.2.8
30_CTX08;3.2.4.2.8
30_JUD06;3.2.4.2.8
30_JUD0803;3.2.4.2.8
CTX01;3.2.4.2.7
CTX11;3.2.4.2.7
CTX55;3.2.4.2.7
JUD0402;3.2.4.2.7
JUD05;3.2.4.2.7
JUD0501;3.2.4.2.7
JUD0806;3.2.4.2.7
JUD0808;3.2.4.2.7
JUD0809;3.2.4.2.7
PCC03;3.2.4.2.7
RACT0106;3.2.4.2.7
RACT0107;3.2.4.2.7
RACT0108;3.2.4.2.7
TRIBAPP03;3.2.4.2.7
TRIBCOR03;3.2.4.2.7
TRIBCTX03;3.2.4.2.7
TRIBDIV04;3.2.4.2.7
TRIBJEX03;3.2.4.2.7
06_JUD0808;3.2.4.2.7
07_JUD0501;3.2.4.2.7
08_JUD0402;3.2.4.2.7
08_RACT0106;3.2.4.2.7
09_PCC03;3.2.4.2.7
10_JUD0402;3.2.4.2.7
10_JUD0501;3.2.4.2.7
10_JUD0808;3.2.4.2.7
10_PCC03;3.2.4.2.7
10_RACT0106;3.2.4.2.7
10_RACT0107;3.2.4.2.7
12_PCC03;3.2.4.2.7
13_JUD0402;3.2.4.2.7
13_JUD0808;3.2.4.2.7
14_JUD05;3.2.4.2.7
15_JUD0402;3.2.4.2.7
15_JUD0501;3.2.4.2.7
15_JUD0808;3.2.4.2.7
16_JUD0402;3.2.4.2.7
16_JUD05;3.2.4.2.7
16_JUD0808;3.2.4.2.7
17_JUD0402;3.2.4.2.7
17_JUD0808;3.2.4.2.7
18_JUD0402;3.2.4.2.7
18_JUD0501;3.2.4.2.7
18_JUD0808;3.2.4.2.7
18_PCC03;3.2.4.2.7
18_RACT0107;3.2.4.2.7
19_JUD05;3.2.4.2.7
19_JUD0501;3.2.4.2.7
19_JUD0808;3.2.4.2.7
19_PCC03;3.2.4.2.7
20_JUD0402;3.2.4.2.7
20_JUD0501;3.2.4.2.7
20_JUD0808;3.2.4.2.7
20_JUD0809;3.2.4.2.7
20_PCC03;3.2.4.2.7
23_JUD05;3.2.4.2.7
24_JUD0402;3.2.4.2.7
25_JUD0402;3.2.4.2.7
25_JUD0501;3.2.4.2.7
26_JUD0402;3.2.4.2.7
26_JUD0808;3.2.4.2.7
29_PCC03;3.2.4.2.7
30_JUD0808;3.2.4.2.7
CTX589;3.2.4.2.5
TRIBCOM01;3.2.4.2.5
CTX54;3.2.4.2.4
JUD10;3.2.4.2.4
06_JUD10;3.2.4.2.4
13_JUD10;3.2.4.2.4
18_JUD10;3.2.4.2.4
CTX09;3.2.4.2.3
CTX571;3.2.4.2.3
JUD09;3.2.4.2.3
SJUD03;3.2.4.2.3
TRIBAPP01;3.2.4.2.3
06_JUD09;3.2.4.2.3
07_JUD09;3.2.4.2.3
09_JUD09;3.2.4.2.3
10_JUD09;3.2.4.2.3
13_JUD09;3.2.4.2.3
15_JUD09;3.2.4.2.3
16_JUD09;3.2.4.2.3
19_JUD09;3.2.4.2.3
20_JUD09;3.2.4.2.3
24_JUD09;3.2.4.2.3
25_JUD09;3.2.4.2.3
29_JUD09;3.2.4.2.3
30_JUD09;3.2.4.2.3
CRAFF02;3.2.4.2.0
CRAPE02;3.2.4.2.0
CRAPN02;3.2.4.2.0
CRARET02;3.2.4.2.0
TRIBDIV02;3.2.4.2.0
TRIBOPC01;3.2.4.2.0
CTX054;3.2.4.1.9
CTX501;3.2.4.1.9
CTX521;3.2.4.1.9
CTX522;3.2.4.1.9
CTX523;3.2.4.1.9
CTX524;3.2.4.1.9
CTX525;3.2.4.1.9
CTX526;3.2.4.1.9
CTX527;3.2.4.1.9
CTX560;3.2.4.1.9
CTX561;3.2.4.1.9
TRIBAFF04;3.2.4.1.9
TRIBRET04;3.2.4.1.9
TRIBSAN04;3.2.4.1.9
CTX03;3.2.4.1.8
CTX08;3.2.4.1.8
JUD0801;3.2.4.1.8
01_JUD0801;3.2.4.1.8
TRIBAFF03;3.2.4.1.8
TRIBOCP03;3.2.4.1.8
TRIBRET03;3.2.4.1.8
TRIBSAN03;3.2.4.1.8
02_JUD0801;3.2.4.1.8
04_JUD0801;3.2.4.1.8
06_JUD0801;3.2.4.1.8
07_JUD0801;3.2.4.1.8
09_JUD0801;3.2.4.1.8
10_JUD0801;3.2.4.1.8
11_JUD0801;3.2.4.1.8
12_JUD0801;3.2.4.1.8
15_JUD0801;3.2.4.1.8
16_JUD0801;3.2.4.1.8
18_JUD0801;3.2.4.1.8
19_JUD0801;3.2.4.1.8
20_JUD0801;3.2.4.1.8
22_JUD0801;3.2.4.1.8
23_JUD0801;3.2.4.1.8
24_JUD0801;3.2.4.1.8
26_JUD0801;3.2.4.1.8
29_JUD0801;3.2.4.1.8
JUD12;3.2.4.1.7
06_JUD12;3.2.4.1.7
16_JUD12;3.2.4.1.7
26_JUD12;3.2.4.1.7
OPPCON;3.2.4.1.7
CRAFF01;3.2.4.1.5
CRAPE01;3.2.4.1.5
CRAPE03;3.2.4.1.5
CRAPE06;3.2.4.1.5
CRAPN03;3.2.4.1.5
CRAPN06;3.2.4.1.5
CRARET01;3.2.4.1.5
CRARET03;3.2.4.1.5
COM060;3.2.4.1.3
COM064;3.2.4.1.3
COM065;3.2.4.1.3
RACT0110;3.2.4.1.3
08_RACT0110;3.2.4.1.3
10_RACT0110;3.2.4.1.3
18_RACT0110;3.2.4.1.3
CTX551;3.2.4.1.1
CTX582;3.2.4.1.1
CTX02;3.2.4.1.0
JUD01;3.2.4.1.0
TRIBAFF01;3.2.4.1.0
TRIBCTX01;3.2.4.1.0
TRIBRET01;3.2.4.1.0
TRIBSAN01;3.2.4.1.0
04_JUD01;3.2.4.1.0
06_JUD01;3.2.4.1.0
07_JUD01;3.2.4.1.0
09_JUD01;3.2.4.1.0
10_JUD01;3.2.4.1.0
12_JUD01;3.2.4.1.0
13_JUD01;3.2.4.1.0
14_JUD01;3.2.4.1.0
15_JUD01;3.2.4.1.0
16_JUD01;3.2.4.1.0
17_JUD01;3.2.4.1.0
18_JUD01;3.2.4.1.0
19_JUD01;3.2.4.1.0
20_JUD01;3.2.4.1.0
21_JUD01;3.2.4.1.0
22_JUD01;3.2.4.1.0
23_JUD01;3.2.4.1.0
24_JUD01;3.2.4.1.0
25_JUD01;3.2.4.1.0
26_JUD01;3.2.4.1.0
29_JUD01;3.2.4.1.0
TUT01;3.2.4.1.0
CTX081;3.2.3.A.X
CTX516;3.2.3.A.X
CTX546;3.2.3.A.X
GAR0109;3.2.3.A.X
GAR0203;3.2.3.A.X
GAR0208;3.2.3.A.X
HUI0108;3.2.3.A.X
OPV0203;3.2.3.A.X
PCC0703;3.2.3.A.X
03_HUI0108;3.2.3.A.X
05_HUI0108;3.2.3.A.X
06_HUI0108;3.2.3.A.X
07_OPV0203;3.2.3.A.X
08_HUI0108;3.2.3.A.X
09_HUI0108;3.2.3.A.X
09_PCC0703;3.2.3.A.X
10_HUI0108;3.2.3.A.X
10_OPV0203;3.2.3.A.X
11_HUI0108;3.2.3.A.X
12_PCC0703;3.2.3.A.X
13_HUI0108;3.2.3.A.X
16_HUI0108;3.2.3.A.X
16_OPV0203;3.2.3.A.X
17_HUI0108;3.2.3.A.X
18_HUI0108;3.2.3.A.X
18_OPV0203;3.2.3.A.X
19_HUI0108;3.2.3.A.X
20_HUI0108;3.2.3.A.X
21_HUI0108;3.2.3.A.X
22_HUI0108;3.2.3.A.X
23_HUI0108;3.2.3.A.X
26_HUI0108;3.2.3.A.X
26_OPV0203;3.2.3.A.X
CTX44;3.2.3.3.2
GAR02;3.2.3.3.2
GAR0201;3.2.3.3.2
GAR0202;3.2.3.3.2
GAR0204;3.2.3.3.2
GAR0205;3.2.3.3.2
SGAR02;3.2.3.3.2
CTX100;3.2.3.2.4
CTX573;3.2.3.2.4
CTX574;3.2.3.2.4
GAR0401;3.2.3.2.4
20_GAR0401;3.2.3.2.4
CTX084;3.2.3.2.2
CTX43;3.2.3.2.2
CTX508;3.2.3.2.2
CTX509;3.2.3.2.2
CTX510;3.2.3.2.2
CTX511;3.2.3.2.2
CTX512;3.2.3.2.2
CTX555;3.2.3.2.2
CTX556;3.2.3.2.2
GAR01;3.2.3.2.2
GAR0101;3.2.3.2.2
GAR0102;3.2.3.2.2
GAR0103;3.2.3.2.2
GAR0104;3.2.3.2.2
GAR0107;3.2.3.2.2
GAR0206;3.2.3.2.2
SGAR01;3.2.3.2.2
SUR0103;3.2.3.2.2
09_GAR01;3.2.3.2.2
10_GAR0107;3.2.3.2.2
10_SUR0103;3.2.3.2.2
11_GAR0101;3.2.3.2.2
11_GAR0102;3.2.3.2.2
15_SUR0103;3.2.3.2.2
17_GAR01;3.2.3.2.2
17_GAR0101;3.2.3.2.2
17_SUR0103;3.2.3.2.2
19_SUR0103;3.2.3.2.2
20_SUR0103;3.2.3.2.2
22_SUR0103;3.2.3.2.2
23_GAR01;3.2.3.2.2
24_GAR01;3.2.3.2.2
26_GAR0102;3.2.3.2.2
26_SUR0103;3.2.3.2.2
CTX45;3.2.3.1.3
GAR0207;3.2.3.1.3
ORDO0106;3.2.3.1.3
SGAR03;3.2.3.1.3
SGAR04;3.2.3.1.3
10_ORDO0106;3.2.3.1.3
GAR03;3.2.3.1.2
SUR0201;3.2.2.5.1
15_SUR0201;3.2.2.5.1
HUI510;3.2.2.4.1
CTX548;3.2.2.3.7
PCC05;3.2.2.3.7
PCC0501;3.2.2.3.7
PCC0502;3.2.2.3.7
PCC0503;3.2.2.3.7
CTX50;3.2.2.3.5
CTX544;3.2.2.3.5
CTX547;3.2.2.3.5
CTX550;3.2.2.3.5
CTX581;3.2.2.3.5
PCC0704;3.2.2.3.5
PCC0803;3.2.2.3.5
PCC0804;3.2.2.3.5
PCC0903;3.2.2.3.5
PCC0904;3.2.2.3.5
10_PCC0704;3.2.2.3.5
12_PCC0704;3.2.2.3.5
20_PCC0903;3.2.2.3.5
30_CTX581;3.2.2.3.5
CTX52;3.2.2.3.4
CTX48;3.2.2.3.3
OPV0202;3.2.2.3.3
PCC06;3.2.2.3.3
SUR0104;3.2.2.3.3
SUR0112;3.2.2.3.3
SUR0202;3.2.2.3.3
02_SUR0112;3.2.2.3.3
10_PCC06;3.2.2.3.3
12_PCC06;3.2.2.3.3
15_PCC06;3.2.2.3.3
16_PCC06;3.2.2.3.3
17_PCC06;3.2.2.3.3
18_SUR0112;3.2.2.3.3
19_OPV0202;3.2.2.3.3
19_PCC06;3.2.2.3.3
19_SUR0112;3.2.2.3.3
20_SUR0112;3.2.2.3.3
24_PCC06;3.2.2.3.3
25_PCC06;3.2.2.3.3
29_OPV0202;3.2.2.3.3
30_OPV0202;3.2.2.3.3
30_PCC06;3.2.2.3.3
AR0105;3.2.2.3.2
CTX49;3.2.2.3.2
PCC0801;3.2.2.3.2
09_PCC0801;3.2.2.3.2
10_PCC0801;3.2.2.3.2
15_AR0105;3.2.2.3.2
15_PCC0801;3.2.2.3.2
18_PCC0801;3.2.2.3.2
20_PCC0801;3.2.2.3.2
29_PCC0801;3.2.2.3.2
30_PCC0801;3.2.2.3.2
CTX053;3.2.2.3.1
CTX061;3.2.2.3.1
CTX085;3.2.2.3.1
CTX10;3.2.2.3.1
CTX47;3.2.2.3.1
CTX504;3.2.2.3.1
CTX533;3.2.2.3.1
CTX535;3.2.2.3.1
CTX536;3.2.2.3.1
CTX537;3.2.2.3.1
CTX538;3.2.2.3.1
CTX539;3.2.2.3.1
CTX540;3.2.2.3.1
CTX587;3.2.2.3.1
PCC04;3.2.2.3.1
03_PCC04;3.2.2.3.1
06_PCC04;3.2.2.3.1
08_PCC04;3.2.2.3.1
10_PCC04;3.2.2.3.1
12_PCC04;3.2.2.3.1
14_PCC04;3.2.2.3.1
16_PCC04;3.2.2.3.1
17_PCC04;3.2.2.3.1
18_PCC04;3.2.2.3.1
19_PCC04;3.2.2.3.1
20_PCC04;3.2.2.3.1
25_PCC04;3.2.2.3.1
PCC02;3.2.2.2.6
04_PCC02;3.2.2.2.6
06_PCC02;3.2.2.2.6
07_PCC02;3.2.2.2.6
09_PCC02;3.2.2.2.6
10_PCC02;3.2.2.2.6
12_PCC02;3.2.2.2.6
13_PCC02;3.2.2.2.6
14_PCC02;3.2.2.2.6
15_PCC02;3.2.2.2.6
18_PCC02;3.2.2.2.6
19_PCC02;3.2.2.2.6
20_PCC02;3.2.2.2.6
24_PCC02;3.2.2.2.6
26_PCC02;3.2.2.2.6
30_PCC02;3.2.2.2.6
PCC01;3.2.2.2.5
PCC09;3.2.2.2.5
04_PCC01;3.2.2.2.5
10_PCC01;3.2.2.2.5
11_PCC01;3.2.2.2.5
12_PCC01;3.2.2.2.5
15_PCC01;3.2.2.2.5
15_PCC09;3.2.2.2.5
16_PCC01;3.2.2.2.5
17_PCC01;3.2.2.2.5
19_PCC01;3.2.2.2.5
22_PCC01;3.2.2.2.5
RDJLQJ01;3.2.2.2.5
PCC0701;3.2.2.2.4
PCC0705;3.2.2.2.4
PCC0802;3.2.2.2.4
PCC11;3.2.2.2.4
RACT0104;3.2.2.2.4
SPCC01;3.2.2.2.4
SPCC02;3.2.2.2.4
SPCC03;3.2.2.2.4
SPCC04;3.2.2.2.4
SPCC05;3.2.2.2.4
SPCC06;3.2.2.2.4
SPCC50;3.2.2.2.4
06_PCC0705;3.2.2.2.4
08_PCC0701;3.2.2.2.4
09_PCC0705;3.2.2.2.4
10_PCC0701;3.2.2.2.4
10_RACT0104;3.2.2.2.4
12_PCC11;3.2.2.2.4
18_PCC0701;3.2.2.2.4
18_PCC0802;3.2.2.2.4
18_RACT0104;3.2.2.2.4
20_PCC0705;3.2.2.2.4
24_PCC0701;3.2.2.2.4
30_PCC0701;3.2.2.2.4
CTX061-L;3.2.2.2.4
CTX085-L;3.2.2.2.4
CTX085/L1;3.2.2.2.4
CTX513;3.2.1.6.4
CTX514;3.2.1.6.4
30_CTX513;3.2.1.6.4
CTX065;3.2.1.6.1
CTX090;3.2.1.6.1
CTX53;3.2.1.6.1
CTX541;3.2.1.6.1
HUI0113;3.2.1.6.1
JUD02;3.2.1.6.1
JUD0201;3.2.1.6.1
JUD0202;3.2.1.6.1
JUD0203;3.2.1.6.1
JUD0401;3.2.1.6.1
SJUD02;3.2.1.6.1
01_JUD0201;3.2.1.6.1
01_JUD0401;3.2.1.6.1
04_JUD0401;3.2.1.6.1
07_JUD0401;3.2.1.6.1
08_JUD0201;3.2.1.6.1
09_JUD0201;3.2.1.6.1
10_HUI0113;3.2.1.6.1
10_JUD02;3.2.1.6.1
10_JUD0201;3.2.1.6.1
10_JUD0401;3.2.1.6.1
11_JUD02;3.2.1.6.1
11_JUD0201;3.2.1.6.1
13_JUD0201;3.2.1.6.1
13_JUD0401;3.2.1.6.1
15_JUD02;3.2.1.6.1
15_JUD0401;3.2.1.6.1
16_HUI0113;3.2.1.6.1
16_JUD0201;3.2.1.6.1
16_JUD0401;3.2.1.6.1
17_JUD0401;3.2.1.6.1
18_JUD02;3.2.1.6.1
18_JUD0201;3.2.1.6.1
18_JUD0401;3.2.1.6.1
19_JUD02;3.2.1.6.1
19_JUD0201;3.2.1.6.1
19_JUD0401;3.2.1.6.1
20_JUD02;3.2.1.6.1
20_JUD0201;3.2.1.6.1
20_JUD0401;3.2.1.6.1
24_JUD02;3.2.1.6.1
24_JUD0401;3.2.1.6.1
25_JUD0201;3.2.1.6.1
26_JUD0401;3.2.1.6.1
29_JUD0201;3.2.1.6.1
TRIBCOR01;3.2.1.6.0
TRIBDIV01;3.2.1.6.0
TRIBJEX01;3.2.1.6.0
JUD0405;3.2.1.5.6
10_JUD0405;3.2.1.5.6
12_JUD0405;3.2.1.5.6
13_JUD0405;3.2.1.5.6
16_JUD0405;3.2.1.5.6
19_JUD0405;3.2.1.5.6
CTX092;3.2.1.5.3
CTX093;3.2.1.5.3
CPT03;3.2.1.5.2
CPT10;3.2.1.5.2
CTX088;3.2.1.5.2
CTX102;3.2.1.5.2
OPV0204;3.2.1.5.2
04_CPT10;3.2.1.5.2
06_OPV0204;3.2.1.5.2
11_OPV0204;3.2.1.5.2
17_OPV0204;3.2.1.5.2
18_OPV0204;3.2.1.5.2
19_OPV0204;3.2.1.5.2
20_CPT10;3.2.1.5.2
20_OPV0204;3.2.1.5.2
CPT02;3.2.1.5.1
CTX058;3.2.1.5.1
CTX586;3.2.1.5.1
OPV01;3.2.1.5.1
OPV02;3.2.1.5.1
OPV0201;3.2.1.5.1
OPV0205;3.2.1.5.1
OPV0206;3.2.1.5.1
OPV0207;3.2.1.5.1
RACT0109;3.2.1.5.1
SANL03;3.2.1.5.1
SOPV01;3.2.1.5.1
SOPV02;3.2.1.5.1
02_OPV02;3.2.1.5.1
04_CPT02;3.2.1.5.1
06_OPV02;3.2.1.5.1
08_OPV0205;3.2.1.5.1
11_OPV02;3.2.1.5.1
13_OPV02;3.2.1.5.1
15_CPT03;3.2.1.5.1
15_OPV02;3.2.1.5.1
16_OPV02;3.2.1.5.1
17_OPV0205;3.2.1.5.1
17_OPV0207;3.2.1.5.1
18_OPV02;3.2.1.5.1
18_OPV0205;3.2.1.5.1
19_OPV02;3.2.1.5.1
19_OPV0207;3.2.1.5.1
20_OPV02;3.2.1.5.1
20_OPV0207;3.2.1.5.1
22_OPV02;3.2.1.5.1
24_OPV01;3.2.1.5.1
25_OPV02;3.2.1.5.1
26_OPV0207;3.2.1.5.1
29_OPV02;3.2.1.5.1
TRIBCOM03;3.2.1.3.2
AR0102;3.2.1.1.6
SAR01;3.2.1.1.6
SAR02;3.2.1.1.6
SAR03;3.2.1.1.6
SAR04;3.2.1.1.6
SAR05;3.2.1.1.6
STIT61;3.2.1.1.6
STIT62;3.2.1.1.6
13_AR0102;3.2.1.1.6
14_AR0102;3.2.1.1.6
18_AR0102;3.2.1.1.6
10_RACT0111;3.2.1.1.5
18_RACT0111;3.2.1.1.5
01_HUI0101;3.2.1.1.4
01_HUI0103;3.2.1.1.4
01_HUI0109;3.2.1.1.4
01_HUI0112;3.2.1.1.4
01_HUI0114;3.2.1.1.4
01_HUI0115;3.2.1.1.4
01_HUI0118;3.2.1.1.4
01_HUI0120;3.2.1.1.4
CTX41;3.2.1.1.4
CTX545;3.2.1.1.4
01_HUI0139;3.2.1.1.4
HUI0101;3.2.1.1.4
HUI0102;3.2.1.1.4
HUI0103;3.2.1.1.4
HUI0104;3.2.1.1.4
HUI0105;3.2.1.1.4
HUI0106;3.2.1.1.4
HUI0107;3.2.1.1.4
HUI0109;3.2.1.1.4
HUI0112;3.2.1.1.4
HUI0114;3.2.1.1.4
HUI0115;3.2.1.1.4
HUI0116;3.2.1.1.4
HUI0117;3.2.1.1.4
HUI0118;3.2.1.1.4
HUI0119;3.2.1.1.4
HUI0120;3.2.1.1.4
HUI0121;3.2.1.1.4
HUI0122;3.2.1.1.4
HUI0123;3.2.1.1.4
HUI0124;3.2.1.1.4
HUI0125;3.2.1.1.4
HUI0126;3.2.1.1.4
HUI0127;3.2.1.1.4
HUI0128;3.2.1.1.4
HUI0129;3.2.1.1.4
HUI0130;3.2.1.1.4
HUI0131;3.2.1.1.4
HUI0132;3.2.1.1.4
HUI0133;3.2.1.1.4
HUI0134;3.2.1.1.4
HUI0135;3.2.1.1.4
HUI0136;3.2.1.1.4
HUI0137;3.2.1.1.4
HUI0138;3.2.1.1.4
HUI0139;3.2.1.1.4
HUI0140;3.2.1.1.4
HUI0141;3.2.1.1.4
HUI0142;3.2.1.1.4
HUI01X;3.2.1.1.4
HUI0202;3.2.1.1.4
HUI03;3.2.1.1.4
HUI03X;3.2.1.1.4
HUI04;3.2.1.1.4
HUI04X;3.2.1.1.4
HUI05;3.2.1.1.4
HUI051;3.2.1.1.4
HUI052;3.2.1.1.4
HUI053;3.2.1.1.4
HUI055;3.2.1.1.4
HUI056;3.2.1.1.4
HUI057;3.2.1.1.4
HUI508;3.2.1.1.4
OPV0208;3.2.1.1.4
OPV0209;3.2.1.1.4
RACT0101;3.2.1.1.4
SHUI01;3.2.1.1.4
SHUI02;3.2.1.1.4
SHUI03;3.2.1.1.4
SHUI05;3.2.1.1.4
SHUI50;3.2.1.1.4
SHUI51;3.2.1.1.4
SHUI52;3.2.1.1.4
SHUI53;3.2.1.1.4
SHUI54;3.2.1.1.4
SHUI55;3.2.1.1.4
SHUI56;3.2.1.1.4
SHUI57;3.2.1.1.4
SHUI58;3.2.1.1.4
SHUI59;3.2.1.1.4
SHUI60;3.2.1.1.4
SHUI61;3.2.1.1.4
SHUI62;3.2.1.1.4
SHUI63;3.2.1.1.4
SHUI64;3.2.1.1.4
SHUI65;3.2.1.1.4
SHUI66;3.2.1.1.4
SHUI67;3.2.1.1.4
SHUI68;3.2.1.1.4
SHUI69;3.2.1.1.4
SHUI70;3.2.1.1.4
SHUI71;3.2.1.1.4
SHUI72;3.2.1.1.4
SHUI73;3.2.1.1.4
SMAN56;3.2.1.1.4
01_HUI01X;3.2.1.1.4
01_HUI03X;3.2.1.1.4
02_HUI0101;3.2.1.1.4
02_HUI0112;3.2.1.1.4
02_HUI0114;3.2.1.1.4
02_HUI0115;3.2.1.1.4
02_HUI0141;3.2.1.1.4
02_HUI01X;3.2.1.1.4
02_HUI0202;3.2.1.1.4
02_HUI03X;3.2.1.1.4
03_HUI0112;3.2.1.1.4
04_HUI0112;3.2.1.1.4
04_HUI0139;3.2.1.1.4
04_HUI01X;3.2.1.1.4
04_HUI0202;3.2.1.1.4
04_HUI03X;3.2.1.1.4
05_HUI0107;3.2.1.1.4
05_HUI0112;3.2.1.1.4
05_HUI0202;3.2.1.1.4
06_HUI0101;3.2.1.1.4
06_HUI0103;3.2.1.1.4
06_HUI0104;3.2.1.1.4
06_HUI0107;3.2.1.1.4
06_HUI0109;3.2.1.1.4
06_HUI0112;3.2.1.1.4
06_HUI0114;3.2.1.1.4
06_HUI0115;3.2.1.1.4
06_HUI0139;3.2.1.1.4
06_HUI0142;3.2.1.1.4
06_HUI01X;3.2.1.1.4
06_HUI03X;3.2.1.1.4
07_HUI0101;3.2.1.1.4
07_HUI0112;3.2.1.1.4
07_HUI01X;3.2.1.1.4
07_HUI03X;3.2.1.1.4
07_OPV0208;3.2.1.1.4
08_HUI0106;3.2.1.1.4
08_HUI0107;3.2.1.1.4
08_HUI0109;3.2.1.1.4
08_HUI0112;3.2.1.1.4
08_HUI0114;3.2.1.1.4
08_HUI0115;3.2.1.1.4
08_HUI0139;3.2.1.1.4
08_HUI03X;3.2.1.1.4
08_HUI04X;3.2.1.1.4
09_HUI0101;3.2.1.1.4
09_HUI0102;3.2.1.1.4
09_HUI0103;3.2.1.1.4
09_HUI0104;3.2.1.1.4
09_HUI0141;3.2.1.1.4
09_HUI01X;3.2.1.1.4
09_HUI0202;3.2.1.1.4
09_HUI03X;3.2.1.1.4
10_HUI0101;3.2.1.1.4
10_HUI0103;3.2.1.1.4
10_HUI0104;3.2.1.1.4
10_HUI0107;3.2.1.1.4
10_HUI0112;3.2.1.1.4
10_HUI0114;3.2.1.1.4
10_HUI0115;3.2.1.1.4
10_HUI0139;3.2.1.1.4
10_HUI0141;3.2.1.1.4
10_HUI01X;3.2.1.1.4
10_HUI0202;3.2.1.1.4
10_HUI03X;3.2.1.1.4
10_RACT0101;3.2.1.1.4
11_HUI0101;3.2.1.1.4
11_HUI0109;3.2.1.1.4
11_HUI0112;3.2.1.1.4
11_HUI0114;3.2.1.1.4
11_HUI0115;3.2.1.1.4
11_HUI0139;3.2.1.1.4
11_HUI0142;3.2.1.1.4
11_HUI01X;3.2.1.1.4
11_HUI03X;3.2.1.1.4
12_HUI0112;3.2.1.1.4
12_HUI01X;3.2.1.1.4
12_HUI03X;3.2.1.1.4
12_OPV0208;3.2.1.1.4
13_HUI0112;3.2.1.1.4
13_HUI01X;3.2.1.1.4
13_HUI0202;3.2.1.1.4
13_HUI03X;3.2.1.1.4
13_OPV0208;3.2.1.1.4
14_HUI0112;3.2.1.1.4
14_HUI0139;3.2.1.1.4
14_HUI04X;3.2.1.1.4
15_HUI0101;3.2.1.1.4
15_HUI0103;3.2.1.1.4
15_HUI0104;3.2.1.1.4
15_HUI0112;3.2.1.1.4
15_HUI0114;3.2.1.1.4
15_HUI0115;3.2.1.1.4
15_HUI0120;3.2.1.1.4
15_HUI01X;3.2.1.1.4
15_HUI0202;3.2.1.1.4
15_HUI03X;3.2.1.1.4
16_HUI0101;3.2.1.1.4
16_HUI0103;3.2.1.1.4
16_HUI0104;3.2.1.1.4
16_HUI0107;3.2.1.1.4
16_HUI0112;3.2.1.1.4
16_HUI0114;3.2.1.1.4
16_HUI0115;3.2.1.1.4
16_HUI0116;3.2.1.1.4
16_HUI0118;3.2.1.1.4
16_HUI0120;3.2.1.1.4
16_HUI0122;3.2.1.1.4
16_HUI0123;3.2.1.1.4
16_HUI0139;3.2.1.1.4
16_HUI01X;3.2.1.1.4
16_HUI0202;3.2.1.1.4
16_HUI03X;3.2.1.1.4
16_HUI05;3.2.1.1.4
16_OPV0208;3.2.1.1.4
17_HUI0101;3.2.1.1.4
17_HUI0112;3.2.1.1.4
17_HUI0114;3.2.1.1.4
17_HUI0115;3.2.1.1.4
17_HUI0116;3.2.1.1.4
17_HUI0139;3.2.1.1.4
17_HUI0142;3.2.1.1.4
17_HUI01X;3.2.1.1.4
17_HUI0202;3.2.1.1.4
17_HUI03X;3.2.1.1.4
17_HUI04X;3.2.1.1.4
17_HUI05;3.2.1.1.4
18_HUI0101;3.2.1.1.4
18_HUI0103;3.2.1.1.4
18_HUI0104;3.2.1.1.4
18_HUI0107;3.2.1.1.4
18_HUI0112;3.2.1.1.4
18_HUI0114;3.2.1.1.4
18_HUI0115;3.2.1.1.4
18_HUI0118;3.2.1.1.4
18_HUI0122;3.2.1.1.4
18_HUI0139;3.2.1.1.4
18_HUI0141;3.2.1.1.4
18_HUI0142;3.2.1.1.4
18_HUI01X;3.2.1.1.4
18_HUI0202;3.2.1.1.4
18_HUI03X;3.2.1.1.4
18_HUI05;3.2.1.1.4
19_HUI0101;3.2.1.1.4
19_HUI0102;3.2.1.1.4
19_HUI0103;3.2.1.1.4
19_HUI0107;3.2.1.1.4
19_HUI0114;3.2.1.1.4
19_HUI0115;3.2.1.1.4
19_HUI0120;3.2.1.1.4
19_HUI0139;3.2.1.1.4
19_HUI01X;3.2.1.1.4
19_HUI0202;3.2.1.1.4
19_HUI03X;3.2.1.1.4
19_RACT0101;3.2.1.1.4
20_CPT15;3.2.1.1.4
20_HUI0101;3.2.1.1.4
20_HUI0103;3.2.1.1.4
20_HUI0112;3.2.1.1.4
20_HUI0115;3.2.1.1.4
20_HUI0120;3.2.1.1.4
20_HUI0123;3.2.1.1.4
20_HUI0139;3.2.1.1.4
20_HUI0142;3.2.1.1.4
20_HUI01X;3.2.1.1.4
20_HUI0202;3.2.1.1.4
20_HUI03X;3.2.1.1.4
20_HUI05;3.2.1.1.4
20_RACT0101;3.2.1.1.4
21_HUI0101;3.2.1.1.4
21_HUI0102;3.2.1.1.4
21_HUI0112;3.2.1.1.4
21_HUI0114;3.2.1.1.4
21_HUI0115;3.2.1.1.4
21_HUI0116;3.2.1.1.4
21_HUI0120;3.2.1.1.4
21_HUI0141;3.2.1.1.4
21_HUI01X;3.2.1.1.4
22_HUI0101;3.2.1.1.4
22_HUI0107;3.2.1.1.4
22_HUI0112;3.2.1.1.4
22_HUI0115;3.2.1.1.4
22_HUI01X;3.2.1.1.4
22_HUI03X;3.2.1.1.4
22_HUI05;3.2.1.1.4
23_HUI0101;3.2.1.1.4
23_HUI0102;3.2.1.1.4
23_HUI0107;3.2.1.1.4
23_HUI0112;3.2.1.1.4
23_HUI0115;3.2.1.1.4
23_HUI0139;3.2.1.1.4
23_HUI01X;3.2.1.1.4
23_HUI03X;3.2.1.1.4
23_HUI05;3.2.1.1.4
24_HUI0101;3.2.1.1.4
24_HUI0103;3.2.1.1.4
24_HUI0120;3.2.1.1.4
24_HUI01X;3.2.1.1.4
25_HUI0101;3.2.1.1.4
25_HUI0103;3.2.1.1.4
25_HUI0115;3.2.1.1.4
25_HUI0120;3.2.1.1.4
25_HUI0123;3.2.1.1.4
25_HUI0139;3.2.1.1.4
25_HUI0142;3.2.1.1.4
25_HUI01X;3.2.1.1.4
25_HUI0202;3.2.1.1.4
25_HUI03X;3.2.1.1.4
25_OPV0208;3.2.1.1.4
26_HUI0101;3.2.1.1.4
26_HUI0103;3.2.1.1.4
26_HUI0104;3.2.1.1.4
26_HUI0107;3.2.1.1.4
26_HUI0112;3.2.1.1.4
26_HUI0114;3.2.1.1.4
26_HUI0115;3.2.1.1.4
26_HUI0118;3.2.1.1.4
26_HUI0122;3.2.1.1.4
26_HUI0139;3.2.1.1.4
26_HUI01X;3.2.1.1.4
26_HUI0202;3.2.1.1.4
26_HUI03X;3.2.1.1.4
26_HUI04X;3.2.1.1.4
29_CPT15;3.2.1.1.4
29_HUI0112;3.2.1.1.4
ENCHUI;3.2.1.1.4
SHUI04;3.2.1.1.3
CTX080;3.2.1.1.2
RACT01;3.2.1.1.2
RACT0111;3.2.1.1.2
02_RACT01;3.2.1.1.2
03_RACT01;3.2.1.1.2
04_RACT01;3.2.1.1.2
06_RACT01;3.2.1.1.2
07_RACT01;3.2.1.1.2
08_RACT01;3.2.1.1.2
09_RACT01;3.2.1.1.2
10_RACT01;3.2.1.1.2
11_RACT01;3.2.1.1.2
12_RACT01;3.2.1.1.2
13_RACT01;3.2.1.1.2
14_RACT01;3.2.1.1.2
15_RACT01;3.2.1.1.2
16_RACT01;3.2.1.1.2
17_RACT01;3.2.1.1.2
18_RACT01;3.2.1.1.2
19_RACT01;3.2.1.1.2
20_RACT01;3.2.1.1.2
22_RACT01;3.2.1.1.2
24_RACT01;3.2.1.1.2
26_RACT01;3.2.1.1.2
CTX068;3.2.1.1.1
CTX400;3.2.1.1.1
CTX401;3.2.1.1.1
CTX502;3.2.1.1.1
CTX503;3.2.1.1.1
HUI054;3.2.1.1.1
HUI058;3.2.1.1.1
STIT50;3.2.1.1.1
STIT51;3.2.1.1.1
STIT52;3.2.1.1.1
STIT53;3.2.1.1.1
STIT60;3.2.1.1.1
STIT80;3.2.1.1.1
STIT81;3.2.1.1.1
STIT82;3.2.1.1.1
TIT02;3.2.1.1.1
TIT0201;3.2.1.1.1
TIT0202;3.2.1.1.1
TIT0203;3.2.1.1.1
TIT03;3.2.1.1.1
TIT05;3.2.1.1.1
TIT0501;3.2.1.1.1
COT450;3.1.3.A.X
COT451;3.1.3.A.X
SASS71;3.1.3.A.X
SASS72;3.1.3.A.X
SASS73;3.1.3.A.X
CTX30;3.1.3.2.2
CTX40;3.1.3.2.2
PCC0905;3.1.3.2.2
22_PCC0905;3.1.3.2.2
23_PCC0905;3.1.3.2.2
COT594;3.1.3.1.7
COT051;3.1.3.1.5
COT21;3.1.3.1.5
COT407;3.1.3.1.5
COT408;3.1.3.1.5
COT409;3.1.3.1.5
COT410;3.1.3.1.5
COT411;3.1.3.1.5
COT412;3.1.3.1.5
COT414;3.1.3.1.5
COT417;3.1.3.1.5
COT420;3.1.3.1.5
COT423;3.1.3.1.5
COT436;3.1.3.1.5
COT437;3.1.3.1.5
COT438;3.1.3.1.5
COT439;3.1.3.1.5
COT440;3.1.3.1.5
COT441;3.1.3.1.5
COT442;3.1.3.1.5
COT443;3.1.3.1.5
COT444;3.1.3.1.5
COT445;3.1.3.1.5
COT446;3.1.3.1.5
COT447;3.1.3.1.5
COT456;3.1.3.1.5
COT457;3.1.3.1.5
COT501;3.1.3.1.5
COT510;3.1.3.1.5
COT511;3.1.3.1.5
COT518;3.1.3.1.5
COT541;3.1.3.1.5
COT542;3.1.3.1.5
SASS53;3.1.3.1.5
SASS54;3.1.3.1.5
SASS55;3.1.3.1.5
SASS56;3.1.3.1.5
SASS57;3.1.3.1.5
SASS58;3.1.3.1.5
SASS59;3.1.3.1.5
SASS60;3.1.3.1.5
SASS61;3.1.3.1.5
SASS65;3.1.3.1.5
SASS66;3.1.3.1.5
SASS67;3.1.3.1.5
SASS80;3.1.3.1.5
SASS81;3.1.3.1.5
SASS82;3.1.3.1.5
SASS83;3.1.3.1.5
SASS84;3.1.3.1.5
SASS85;3.1.3.1.5
DOCCOT1;3.1.3.1.5
IDD069;3.1.3.1.5
CTX15;3.1.3.1.4
CTX583;3.1.3.1.4
SSUR01;3.1.3.1.4
SSUR02;3.1.3.1.4
SSUR03;3.1.3.1.4
SSUR04;3.1.3.1.4
SSUR05;3.1.3.1.4
SUR01;3.1.3.1.4
SUR0105;3.1.3.1.4
SUR0106;3.1.3.1.4
SUR0107;3.1.3.1.4
SUR0108;3.1.3.1.4
SUR0109;3.1.3.1.4
SUR0110;3.1.3.1.4
SUR0111;3.1.3.1.4
SUR02;3.1.3.1.4
04_SUR01;3.1.3.1.4
04_SUR02;3.1.3.1.4
06_SUR01;3.1.3.1.4
08_SUR01;3.1.3.1.4
09_SUR01;3.1.3.1.4
10_SUR01;3.1.3.1.4
10_SUR0105;3.1.3.1.4
10_SUR0108;3.1.3.1.4
10_SUR0111;3.1.3.1.4
11_SUR01;3.1.3.1.4
12_SUR01;3.1.3.1.4
13_SUR01;3.1.3.1.4
13_SUR02;3.1.3.1.4
14_SUR01;3.1.3.1.4
15_SUR01;3.1.3.1.4
15_SUR0108;3.1.3.1.4
15_SUR0109;3.1.3.1.4
16_SUR01;3.1.3.1.4
16_SUR0108;3.1.3.1.4
16_SUR02;3.1.3.1.4
17_SUR01;3.1.3.1.4
17_SUR0105;3.1.3.1.4
17_SUR0108;3.1.3.1.4
17_SUR0109;3.1.3.1.4
17_SUR02;3.1.3.1.4
18_SUR01;3.1.3.1.4
18_SUR0105;3.1.3.1.4
18_SUR0108;3.1.3.1.4
18_SUR02;3.1.3.1.4
19_SUR01;3.1.3.1.4
19_SUR0105;3.1.3.1.4
20_SUR01;3.1.3.1.4
22_SUR01;3.1.3.1.4
22_SUR0107;3.1.3.1.4
22_SUR0108;3.1.3.1.4
23_SUR01;3.1.3.1.4
23_SUR0105;3.1.3.1.4
23_SUR0108;3.1.3.1.4
24_SUR01;3.1.3.1.4
25_SUR01;3.1.3.1.4
25_SUR02;3.1.3.1.4
26_SUR0108;3.1.3.1.4
COT053;3.1.3.1.2
COT054;3.1.3.1.2
ASSU0102;3.1.3.1.1
ASSU0109;3.1.3.1.1
ASSU0110;3.1.3.1.1
ASSU0111;3.1.3.1.1
ASSU0112;3.1.3.1.1
ASSU0113;3.1.3.1.1
ASSU0114;3.1.3.1.1
ASSU0115;3.1.3.1.1
ASSU0116;3.1.3.1.1
ASSU0117;3.1.3.1.1
ASSU0118;3.1.3.1.1
ASSU0119;3.1.3.1.1
ASSU0120;3.1.3.1.1
ASSU0121;3.1.3.1.1
ASSU0122;3.1.3.1.1
ASSU0123;3.1.3.1.1
ASSU0127;3.1.3.1.1
ASSU0128;3.1.3.1.1
ASSU0129;3.1.3.1.1
ASSU0130;3.1.3.1.1
ASSU0131;3.1.3.1.1
ASSU0132;3.1.3.1.1
ASSU0133;3.1.3.1.1
ASSU0134;3.1.3.1.1
ASSU0135;3.1.3.1.1
ASSU0136;3.1.3.1.1
ASSU0137;3.1.3.1.1
ASSU0138;3.1.3.1.1
ASSU0139;3.1.3.1.1
ASSU0140;3.1.3.1.1
ASSU0141;3.1.3.1.1
COT04;3.1.3.1.1
COT05;3.1.3.1.1
HUI0110;3.1.3.1.1
04_COT411;3.1.3.1.1
05_ASSU0102;3.1.3.1.1
10_HUI0110;3.1.3.1.1
11_ASSU0115;3.1.3.1.1
14_ASSU0115;3.1.3.1.1
15_ASSU0102;3.1.3.1.1
15_COT04;3.1.3.1.1
15_COT409;3.1.3.1.1
15_COT411;3.1.3.1.1
16_HUI0110;3.1.3.1.1
17_ASSU0102;3.1.3.1.1
18_HUI0110;3.1.3.1.1
19_ASSU0102;3.1.3.1.1
19_HUI0110;3.1.3.1.1
20_COT04;3.1.3.1.1
20_HUI0110;3.1.3.1.1
22_ASSU0102;3.1.3.1.1
22_HUI0110;3.1.3.1.1
23_ASSU0102;3.1.3.1.1
26_HUI0110;3.1.3.1.1
29_COT04;3.1.3.1.1
30_COT04;3.1.3.1.1
COM424;3.1.2.4.1
COT055*;3.1.2.4.1
COT067;3.1.2.4.1
COT071*;3.1.2.4.1
COT072;3.1.2.4.1
COT108;3.1.2.4.1
COT400;3.1.2.4.1
COT404;3.1.2.4.1
COT413;3.1.2.4.1
COT415;3.1.2.4.1
COT416;3.1.2.4.1
COT424;3.1.2.4.1
COT425;3.1.2.4.1
COT429;3.1.2.4.1
COT430;3.1.2.4.1
COT431;3.1.2.4.1
COT448;3.1.2.4.1
COT449;3.1.2.4.1
COT452;3.1.2.4.1
COT453;3.1.2.4.1
COT454;3.1.2.4.1
COT455;3.1.2.4.1
COT473;3.1.2.4.1
COT474;3.1.2.4.1
COT479;3.1.2.4.1
COT505;3.1.2.4.1
COT512;3.1.2.4.1
COT529;3.1.2.4.1
COT530;3.1.2.4.1
COT531;3.1.2.4.1
SASS62;3.1.2.4.1
SASS63;3.1.2.4.1
SASS64;3.1.2.4.1
SASS74;3.1.2.4.1
SASS75;3.1.2.4.1
SASS76;3.1.2.4.1
SASS77;3.1.2.4.1
SASS78;3.1.2.4.1
SASS79;3.1.2.4.1
COT086;3.1.2.3.1
COT419;3.1.2.3.1
COT469;3.1.2.3.1
COT470;3.1.2.3.1
COT471;3.1.2.3.1
15_URS00;3.1.2.2.3
AR0101;3.1.2.2.2
ARMED;3.1.2.2.2
SCCS01;3.1.2.2.2
SCCS02;3.1.2.2.2
15_AR0101;3.1.2.2.2
30_AR0101;3.1.2.2.2
COT26;3.1.2.2.1
COT27;3.1.2.2.1
COT418;3.1.2.2.1
COT458;3.1.2.2.1
COT459;3.1.2.2.1
COT460;3.1.2.2.1
COT475;3.1.2.2.1
COT477;3.1.2.2.1
COT478;3.1.2.2.1
CTX055*;3.1.2.2.1
CTX056*;3.1.2.2.1
CTX066;3.1.2.2.1
CTX067*;3.1.2.2.1
CTX505;3.1.2.2.1
CTX588;3.1.2.2.1
SMAN57;3.1.2.2.1
STIT70;3.1.2.2.1
STIT71;3.1.2.2.1
TIT04;3.1.2.2.1
TIT0401;3.1.2.2.1
COT401;3.1.2.1.2
COT426;3.1.2.1.2
COT427;3.1.2.1.2
COT428;3.1.2.1.2
CTX534;3.1.2.1.2
COT060;2.B.X.X.X
COT062;2.B.X.X.X
COT063;2.B.X.X.X
COT065;2.B.X.X.X
COT066;2.B.X.X.X
COT070;2.B.X.X.X
COT075;2.B.X.X.X
COT076;2.B.X.X.X
COT082;2.B.X.X.X
COT083;2.B.X.X.X
COT084;2.B.X.X.X
COT102;2.B.X.X.X
COT502;2.B.X.X.X
COT503;2.B.X.X.X
COT508;2.B.X.X.X
COT532;2.B.X.X.X
COT533;2.B.X.X.X
COT558;2.B.X.X.X
COT561;2.B.X.X.X
COT577;2.B.X.X.X
COT579;2.B.X.X.X
COT580;2.B.X.X.X
CPT055;2.B.X.X.X
CPT061;2.B.X.X.X
CPT064;2.B.X.X.X
DOM03;2.B.X.X.X
DOM09;2.B.X.X.X
DOM12;2.B.X.X.X
ENQ066;2.B.X.X.X
15_COT579;2.B.X.X.X
29_COT508;2.B.X.X.X
30_COT532;2.B.X.X.X
30_DOM03;2.B.X.X.X
30_DOM09;2.B.X.X.X
CDC052;2.B.X.X.X
CDC053;2.B.X.X.X
CDC057;2.B.X.X.X
CDC058;2.B.X.X.X
CDC059;2.B.X.X.X
CDC501;2.B.X.X.X
COT062-L;2.B.X.X.X
IDD067;2.B.X.X.X
IDD068;2.B.X.X.X
01_CPT06X;2.A.X.X.X
CORR;2.A.X.X.X
COT110;2.A.X.X.X
COT16;2.A.X.X.X
COT18;2.A.X.X.X
COT19;2.A.X.X.X
COT20;2.A.X.X.X
COT22;2.A.X.X.X
COT23;2.A.X.X.X
CPT06;2.A.X.X.X
CPT0601;2.A.X.X.X
CPT0602;2.A.X.X.X
CPT0603;2.A.X.X.X
CPT0604;2.A.X.X.X
CPT0605;2.A.X.X.X
CPT0606;2.A.X.X.X
CPT06X;2.A.X.X.X
CPT08X;2.A.X.X.X
CRAFF08;2.A.X.X.X
CRAPE08;2.A.X.X.X
CRAPN01;2.A.X.X.X
CRAPN08;2.A.X.X.X
CRAPN09;2.A.X.X.X
CRARET08;2.A.X.X.X
DIV01;2.A.X.X.X
DIV02;2.A.X.X.X
DIV03;2.A.X.X.X
DIV07;2.A.X.X.X
DIV12;2.A.X.X.X
DIV14;2.A.X.X.X
DIV15;2.A.X.X.X
LIG001;2.A.X.X.X
SCPT01;2.A.X.X.X
ENQ11;2.A.X.X.X
URS00;2.A.X.X.X
02_CPT06X;2.A.X.X.X
02_CPT08X;2.A.X.X.X
10_CPT0601;2.A.X.X.X
10_CPT0602;2.A.X.X.X
10_CPT0605;2.A.X.X.X
10_CPT0606;2.A.X.X.X
10_CPT08X;2.A.X.X.X
11_CPT06X;2.A.X.X.X
12_CPT0601;2.A.X.X.X
12_CPT0602;2.A.X.X.X
12_CPT08X;2.A.X.X.X
13_CPT0601;2.A.X.X.X
14_CPT08X;2.A.X.X.X
15_CPT0601;2.A.X.X.X
15_CPT0602;2.A.X.X.X
15_CPT0603;2.A.X.X.X
15_CPT0606;2.A.X.X.X
15_CPT06X;2.A.X.X.X
16_CPT0601;2.A.X.X.X
16_CPT0602;2.A.X.X.X
16_CPT0604;2.A.X.X.X
16_CPT06X;2.A.X.X.X
16_CPT08X;2.A.X.X.X
17_CPT0601;2.A.X.X.X
17_CPT0602;2.A.X.X.X
17_CPT0606;2.A.X.X.X
17_CPT06X;2.A.X.X.X
17_CPT08X;2.A.X.X.X
18_CPT0601;2.A.X.X.X
18_CPT0602;2.A.X.X.X
18_CPT0606;2.A.X.X.X
18_CPT08X;2.A.X.X.X
19_CPT06X;2.A.X.X.X
20_CPT0601;2.A.X.X.X
22_CPT0601;2.A.X.X.X
23_CPT0601;2.A.X.X.X
23_CPT06X;2.A.X.X.X
23_CPT08X;2.A.X.X.X
24_CPT0601;2.A.X.X.X
24_CPT0602;2.A.X.X.X
24_CPT0603;2.A.X.X.X
24_CPT0604;2.A.X.X.X
24_CPT0606;2.A.X.X.X
26_CPT0606;2.A.X.X.X
26_CPT08X;2.A.X.X.X
30_CPT0601;2.A.X.X.X
30_CPT0602;2.A.X.X.X
30_CPT0606;2.A.X.X.X
30_CPT06X;2.A.X.X.X
CDC02;2.A.X.X.X
CDC03;2.A.X.X.X
CDC04;2.A.X.X.X
CDC05;2.A.X.X.X
CDC06;2.A.X.X.X
CONTRAT;2.A.X.X.X
COUR;2.A.X.X.X
CPT15-L;2.A.X.X.X
IDD03;2.A.X.X.X
XLS;2.A.X.X.X
ATT506;2.3.1.1.8
ATT01;2.3.1.1.6
GDB08;2.3.1.1.6
30_ATT01;2.3.1.1.6
ATT04;2.3.1.1.5
06_ATT04;2.3.1.1.5
08_ATT04;2.3.1.1.5
09_ATT04;2.3.1.1.5
10_ATT04;2.3.1.1.5
12_ATT04;2.3.1.1.5
13_ATT04;2.3.1.1.5
14_ATT04;2.3.1.1.5
17_ATT04;2.3.1.1.5
21_ATT04;2.3.1.1.5
23_ATT04;2.3.1.1.5
25_ATT04;2.3.1.1.5
26_ATT04;2.3.1.1.5
ATT502;2.3.1.1.2
ATT503;2.3.1.1.2
ATT507;2.3.1.1.16
ATT508;2.3.1.1.15
ATT509;2.3.1.1.15
COT600;2.3.1.1.14
ATT504;2.3.1.1.11
ATT051;2.3.1.1.1
15_ATT051;2.3.1.1.1
30_ATT051;2.3.1.1.1
ATT03;2.3.1.1.0
ATT05;2.3.1.1.0
ATT13;2.3.1.1.0
ATT505;2.3.1.1.0
ATT510;2.3.1.1.0
15_ATT05;2.3.1.1.0
30_ATT03;2.3.1.1.0
30_ATT506;2.3.1.1.0
ATT03-L;2.3.1.1.0
ATT051-L;2.3.1.1.0
ATT14;2.3.1.1.0
CPT509;2.2.3.3.6
COT074;2.2.3.3.1
COT077;2.2.3.3.1
COT09;2.2.3.3.1
COT10;2.2.3.3.1
COT507;2.2.3.3.1
CPT501;2.2.3.3.1
CPT502;2.2.3.3.1
PREV302;2.2.3.3.1
30_COT09;2.2.3.3.1
CPT04X;2.2.3.2.1
CPT0501;2.2.3.2.1
CPT0502;2.2.3.2.1
CPT0503;2.2.3.2.1
CPT0504;2.2.3.2.1
CPT0505;2.2.3.2.1
CPT0506;2.2.3.2.1
CPT05X;2.2.3.2.1
PCC0708;2.2.3.2.1
02_CPT04X;2.2.3.2.1
02_CPT05X;2.2.3.2.1
05_CPT05X;2.2.3.2.1
10_CPT05X;2.2.3.2.1
11_CPT0503;2.2.3.2.1
12_CPT0501;2.2.3.2.1
18_CPT05X;2.2.3.2.1
19_CPT0504;2.2.3.2.1
20_CPT0501;2.2.3.2.1
23_CPT04X;2.2.3.2.1
23_CPT0501;2.2.3.2.1
23_CPT0504;2.2.3.2.1
23_CPT05X;2.2.3.2.1
29_CPT04X;2.2.3.2.1
29_CPT0501;2.2.3.2.1
CRAFF07;2.2.2.1.2.
CRAFF09;2.2.2.1.2.
CRAPE07;2.2.2.1.2.
CRAPE09;2.2.2.1.2.
CRAPE10;2.2.2.1.2.
CRAPN07;2.2.2.1.2.
01_GDB22;2.2.2.1.2
01_GDB23;2.2.2.1.2
CPT07X;2.2.2.1.2
CRARET07;2.2.2.1.2
CRARET09;2.2.2.1.2
GDB22;2.2.2.1.2
GDB23;2.2.2.1.2
TRA01;2.2.2.1.2
TRA02;2.2.2.1.2
TRA04;2.2.2.1.2
TRA05;2.2.2.1.2
TRA051;2.2.2.1.2
TRA052;2.2.2.1.2
TRA053;2.2.2.1.2
TRA054;2.2.2.1.2
TRA056;2.2.2.1.2
TRA059;2.2.2.1.2
TRA060;2.2.2.1.2
TRA501;2.2.2.1.2
TRA502;2.2.2.1.2
TRA503;2.2.2.1.2
02_GDB22;2.2.2.1.2
02_GDB23;2.2.2.1.2
03_GDB23;2.2.2.1.2
04_GDB22;2.2.2.1.2
04_GDB23;2.2.2.1.2
05_GDB22;2.2.2.1.2
05_GDB23;2.2.2.1.2
06_GDB23;2.2.2.1.2
07_GDB22;2.2.2.1.2
07_GDB23;2.2.2.1.2
08_GDB22;2.2.2.1.2
08_GDB23;2.2.2.1.2
09_GDB23;2.2.2.1.2
10_GDB23;2.2.2.1.2
11_GDB22;2.2.2.1.2
11_GDB23;2.2.2.1.2
12_GDB22;2.2.2.1.2
12_GDB23;2.2.2.1.2
13_GDB22;2.2.2.1.2
13_GDB23;2.2.2.1.2
14_GDB22;2.2.2.1.2
14_GDB23;2.2.2.1.2
15_GDB22;2.2.2.1.2
15_GDB23;2.2.2.1.2
16_GDB22;2.2.2.1.2
16_GDB23;2.2.2.1.2
17_GDB22;2.2.2.1.2
17_GDB23;2.2.2.1.2
18_GDB22;2.2.2.1.2
18_GDB23;2.2.2.1.2
19_GDB22;2.2.2.1.2
19_GDB23;2.2.2.1.2
20_GDB23;2.2.2.1.2
21_GDB22;2.2.2.1.2
21_GDB23;2.2.2.1.2
22_GDB22;2.2.2.1.2
22_GDB23;2.2.2.1.2
23_GDB23;2.2.2.1.2
24_GDB22;2.2.2.1.2
24_GDB23;2.2.2.1.2
25_GDB22;2.2.2.1.2
25_GDB23;2.2.2.1.2
26_GDB22;2.2.2.1.2
26_GDB23;2.2.2.1.2
29_GDB22;2.2.2.1.2
29_GDB23;2.2.2.1.2
30_GDB22;2.2.2.1.2
30_GDB23;2.2.2.1.2
30_TRA059;2.2.2.1.2
CPT0301;2.2.2.1.1
CPT0302;2.2.2.1.1
CPT03X;2.2.2.1.1
TRA03;2.2.2.1.1
06_CPT03X;2.2.2.1.1
10_CPT07X;2.2.2.1.1
12_CPT07X;2.2.2.1.1
15_CPT03X;2.2.2.1.1
15_CPT07X;2.2.2.1.1
16_CPT03X;2.2.2.1.1
20_CPT0302;2.2.2.1.1
21_CPT0302;2.2.2.1.1
22_CPT03X;2.2.2.1.1
24_CPT07X;2.2.2.1.1
25_CPT03X;2.2.2.1.1
25_CPT07X;2.2.2.1.1
26_CPT07X;2.2.2.1.1
30_CPT03X;2.2.2.1.1
COT591;2.1.4.5.1
COT593;2.1.4.5.1
COM04;2.1.4.2.0
COM11;2.1.4.2.0
COM12;2.1.4.2.0
COT061;2.1.4.2.0
COT087;2.1.4.2.0
COT093;2.1.4.2.0
COT094;2.1.4.2.0
COT095;2.1.4.2.0
COT096;2.1.4.2.0
COT097;2.1.4.2.0
COT098;2.1.4.2.0
COT100;2.1.4.2.0
COT103;2.1.4.2.0
COT104;2.1.4.2.0
COT105;2.1.4.2.0
COT106;2.1.4.2.0
COT107;2.1.4.2.0
COT109;2.1.4.2.0
COT13;2.1.4.2.0
COT17;2.1.4.2.0
COT25;2.1.4.2.0
COT504;2.1.4.2.0
COT534;2.1.4.2.0
COT535;2.1.4.2.0
COT536;2.1.4.2.0
COT537;2.1.4.2.0
COT538;2.1.4.2.0
COT543;2.1.4.2.0
COT544;2.1.4.2.0
COT545;2.1.4.2.0
COT546;2.1.4.2.0
COT547;2.1.4.2.0
COT548;2.1.4.2.0
COT549;2.1.4.2.0
COT550;2.1.4.2.0
COT551;2.1.4.2.0
COT552;2.1.4.2.0
COT553;2.1.4.2.0
COT554;2.1.4.2.0
COT555;2.1.4.2.0
COT556;2.1.4.2.0
COT557;2.1.4.2.0
COT575;2.1.4.2.0
COT582;2.1.4.2.0
COT584;2.1.4.2.0
COT596;2.1.4.2.0
COT597;2.1.4.2.0
COT601;2.1.4.2.0
COT602;2.1.4.2.0
COT604;2.1.4.2.0
DOM01;2.1.4.2.0
DOM02;2.1.4.2.0
DOM04;2.1.4.2.0
DOM05;2.1.4.2.0
DOM06;2.1.4.2.0
DOM07;2.1.4.2.0
DOM08;2.1.4.2.0
DOM11;2.1.4.2.0
DOM13;2.1.4.2.0
DOM14;2.1.4.2.0
DOM16;2.1.4.2.0
DOM17;2.1.4.2.0
DOM18;2.1.4.2.0
30_DOM07;2.1.4.2.0
30_DOM13;2.1.4.2.0
COT506;2.1.3.A.X
COT509;2.1.3.A.X
COT514;2.1.3.A.X
COT515;2.1.3.A.X
COT516;2.1.3.A.X
COT517;2.1.3.A.X
DOM10;2.1.3.A.X
DOM19;2.1.3.A.X
DOM20;2.1.3.A.X
04_COT413;2.1.3.A.X
15_COT413;2.1.3.A.X
15_COT415;2.1.3.A.X
15_COT416;2.1.3.A.X
20_COT413;2.1.3.A.X
29_COT413;2.1.3.A.X
29_COT416;2.1.3.A.X
30_COT413;2.1.3.A.X
30_COT416;2.1.3.A.X
COT056;2.1.3.2.5
COT02;2.1.3.1.1
COT03;2.1.3.1.1
COT12;2.1.3.1.1
COT572;2.1.3.1.1
COT581;2.1.3.1.1
COT583;2.1.3.1.1
COT585;2.1.3.1.1
COT586;2.1.3.1.1
COT587;2.1.3.1.1
COT588;2.1.3.1.1
COT590;2.1.3.1.1
15_COT12;2.1.3.1.1
COT089;2.1.2.R.X
COT090;2.1.2.R.X
COT091;2.1.2.R.X
COT092;2.1.2.R.X
COT099;2.1.2.R.X
COT022-L;2.1.2.R.X
COT200;2.1.2.R.X
COT75;2.1.2.R.X
CALISU;2.1.2.R.X
REVDEC;2.1.2.R.X
COT578;2.1.2.Q.X
PAS01;2.1.2.Q.X
COT603;2.1.2.L.X
REVEST;2.1.2.L.X
COT01;2.1.2.G.X
COT057;2.1.2.G.X
COT058;2.1.2.G.X
04_COT01;2.1.2.G.X
29_COT01;2.1.2.G.X
30_COT01;2.1.2.G.X
15_ASA501;2.1.2.A.X
29_ASA501;2.1.2.A.X
COM07;2.1.2.4.7
COT059;2.1.2.4.7
GDB19;2.1.2.4.7
COT521;2.1.1.2.1
COT522;2.1.1.2.1
COT539;2.1.1.2.1
COT540;2.1.1.2.1
COT064;2.B.X.X.X
COT069;2.B.X.X.X
COT11;2.B.X.X.X
COT576;2.B.X.X.X
INSTRGEN;10.A.X.X.X
NOTESERV;10.A.X.X.X
ODJ;10.A.X.X.X
PRESSE;10.A.X.X.X
PV;10.A.X.X.X
RAPP;10.A.X.X.X
EXTERNE;10.2.2.C.X
AR01;10.2.2.A.X
AR0104;10.2.2.A.X
COT101;10.2.2.A.X
DIV16;10.2.2.A.X
DIV17;10.2.2.A.X
DIV201;10.2.2.A.X
DIV40;10.2.2.A.X
DIV501;10.2.2.A.X
03_AR01;10.2.2.A.X
07_AR01;10.2.2.A.X
09_AR01;10.2.2.A.X
10_AR01;10.2.2.A.X
10_AR0104;10.2.2.A.X
12_AR01;10.2.2.A.X
13_AR01;10.2.2.A.X
14_AR01;10.2.2.A.X
15_AR01;10.2.2.A.X
15_AR0104;10.2.2.A.X
15_DIV40;10.2.2.A.X
16_AR01;10.2.2.A.X
16_AR0104;10.2.2.A.X
18_AR01;10.2.2.A.X
19_AR01;10.2.2.A.X
20_AR01;10.2.2.A.X
25_AR01;10.2.2.A.X
25_AR0104;10.2.2.A.X
30_AR01;10.2.2.A.X
ASA02L;10.2.2.7.6
ASS001;10.2.2.7.6
ASS601;10.2.2.7.6
ASA505;10.2.2.7.6
ASA506;10.2.2.7.6
ASA507;10.2.2.7.6
COM058;10.2.2.7.6
INTEMP01;10.2.2.7.5
SIN01;10.2.2.7.5
ASS501;10.2.2.7.5
ASS201;10.2.2.7.4
ASS202;10.2.2.7.4
ASS301;10.2.2.7.4
ASS302;10.2.2.7.4
02_IDD05;10.2.2.7.3
03_IDD079;10.2.2.7.3
04_IDD055;10.2.2.7.3
04_IDD08;10.2.2.7.3
06_IDD079;10.2.2.7.3
07_IDD05;10.2.2.7.3
09_IDD065;10.2.2.7.3
17_IDD05;10.2.2.7.3
29_IDD01;10.2.2.7.3
29_IDD079;10.2.2.7.3
IDD01;10.2.2.7.3
IDD02;10.2.2.7.3
IDD04;10.2.2.7.3
IDD05;10.2.2.7.3
IDD051;10.2.2.7.3
IDD052;10.2.2.7.3
IDD053;10.2.2.7.3
IDD054;10.2.2.7.3
IDD055;10.2.2.7.3
IDD057;10.2.2.7.3
IDD059;10.2.2.7.3
IDD06;10.2.2.7.3
IDD060;10.2.2.7.3
IDD061;10.2.2.7.3
IDD062;10.2.2.7.3
IDD063;10.2.2.7.3
IDD064;10.2.2.7.3
IDD065;10.2.2.7.3
IDD066;10.2.2.7.3
IDD07;10.2.2.7.3
IDD071;10.2.2.7.3
IDD072;10.2.2.7.3
IDD073;10.2.2.7.3
IDD073L;10.2.2.7.3
IDD074;10.2.2.7.3
IDD075;10.2.2.7.3
IDD076;10.2.2.7.3
IDD077;10.2.2.7.3
IDD078;10.2.2.7.3
IDD079;10.2.2.7.3
IDD08;10.2.2.7.3
IDD080;10.2.2.7.3
IDD09;10.2.2.7.3
IDD058;10.2.2.7.3
ASS701;10.2.2.7.3
ASS801;10.2.2.7.3
ASA01;10.2.2.7.3
ASA03;10.2.2.7.3
ASR10;10.2.2.7.3
ASR11;10.2.2.7.3
COM05;10.2.2.7.3
COM06;10.2.2.7.3
COM10;10.2.2.7.2
ASA901;10.2.2.7.2
ASC;10.2.2.7.2
ASS403;10.2.2.7.2
ASA02;10.2.2.7.2
ASA502;10.2.2.7.2
ASA503;10.2.2.7.2
ASA504;10.2.2.7.2
ASA508;10.2.2.7.2
ASA509;10.2.2.7.2
COM056;10.2.2.7.2
COM13;10.2.2.7.1
ASS401;10.2.2.7.1
ASS402;10.2.2.7.1
ASA501;Cration OK - RAPP  VALIDER
01_DIV31;10.2.2.5.7
DIV31;10.2.2.5.7
DIV31;10.2.2.5.7
DIV32;10.2.2.5.7
DIV33;10.2.2.5.7
recla;10.2.2.5.7
02_DIV31;10.2.2.5.7
04_DIV31;10.2.2.5.7
05_DIV31;10.2.2.5.7
06_DIV31;10.2.2.5.7
07_DIV31;10.2.2.5.7
08_DIV31;10.2.2.5.7
09_DIV31;10.2.2.5.7
10_DIV31;10.2.2.5.7
11_DIV31;10.2.2.5.7
12_DIV31;10.2.2.5.7
14_DIV31;10.2.2.5.7
15_DIV31;10.2.2.5.7
16_DIV31;10.2.2.5.7
17_DIV31;10.2.2.5.7
18_DIV31;10.2.2.5.7
19_DIV31;10.2.2.5.7
20_DIV31;10.2.2.5.7
21_DIV31;10.2.2.5.7
22_DIV31;10.2.2.5.7
23_DIV31;10.2.2.5.7
24_DIV31;10.2.2.5.7
25_DIV31;10.2.2.5.7
26_DIV31;10.2.2.5.7
RECLAAR;10.2.2.5.7
RECLAREP;10.2.2.5.7
CPT076;10.2.2.5.2
ASSU02;10.2.2.5.1
COM02;10.2.2.5.1
CTX585;10.2.2.5.1
DIV30;10.2.2.5.1
GDB07;10.2.2.5.1
GDB11;10.2.2.5.1
02_ASSU02;10.2.2.5.1
03_ASSU02;10.2.2.5.1
05_ASSU02;10.2.2.5.1
06_ASSU02;10.2.2.5.1
07_ASSU02;10.2.2.5.1
09_ASSU02;10.2.2.5.1
11_ASSU02;10.2.2.5.1
14_ASSU02;10.2.2.5.1
15_ASSU02;10.2.2.5.1
16_ASSU02;10.2.2.5.1
17_ASSU02;10.2.2.5.1
18_ASSU02;10.2.2.5.1
19_ASSU02;10.2.2.5.1
20_ASSU02;10.2.2.5.1
21_ASSU02;10.2.2.5.1
22_ASSU02;10.2.2.5.1
23_ASSU02;10.2.2.5.1
26_ASSU02;10.2.2.5.1
29_ASSU02;10.2.2.5.1
30_ASSU02;10.2.2.5.1
RECLADDE;10.2.2.5.1
RECLDDE;10.2.2.5.1
30_DIV2;10.2.1.2.3
30_DIV4;10.2.1.2.3
INFO-COT;10.2.1.2.3
ISU02;10.2.1.2.3
DIV1;10.2.1.2.2
IMAGE;10.2.1.1.2
JUR;10.2.1.1.2
ACO506;1.B.X.X.X
ACO507;1.B.X.X.X
ACO509;1.B.X.X.X
ACT070;1.B.X.X.X
AFF051;1.B.X.X.X
AFF054;1.B.X.X.X
AFF056;1.B.X.X.X
AFF058;1.B.X.X.X
AFF060;1.B.X.X.X
AFF061;1.B.X.X.X
AFF062;1.B.X.X.X
AFF063;1.B.X.X.X
AFF064;1.B.X.X.X
AFF067;1.B.X.X.X
AFF068;1.B.X.X.X
AFF069;1.B.X.X.X
AFF070;1.B.X.X.X
AFF072;1.B.X.X.X
AFF073;1.B.X.X.X
AFF074;1.B.X.X.X
AFF075;1.B.X.X.X
AFF076;1.B.X.X.X
AFF077;1.B.X.X.X
AFF078;1.B.X.X.X
AFF079;1.B.X.X.X
AFF080;1.B.X.X.X
AFF501;1.B.X.X.X
AFF502;1.B.X.X.X
AFF503;1.B.X.X.X
AFF504;1.B.X.X.X
AFF505;1.B.X.X.X
AFF506;1.B.X.X.X
AFF507;1.B.X.X.X
AFF508;1.B.X.X.X
AFF509;1.B.X.X.X
AFF510;1.B.X.X.X
AFF511;1.B.X.X.X
AFF512;1.B.X.X.X
AFF513;1.B.X.X.X
AFF514;1.B.X.X.X
AFF516;1.B.X.X.X
AFF517;1.B.X.X.X
AFF520;1.B.X.X.X
AFF522;1.B.X.X.X
AFF523;1.B.X.X.X
COT528;1.B.X.X.X
COT571;1.B.X.X.X
COT589;1.B.X.X.X
DNI051;1.B.X.X.X
DTS05;1.B.X.X.X
DTS07;1.B.X.X.X
ECV051;1.B.X.X.X
ECV501;1.B.X.X.X
ECV502;1.B.X.X.X
ECV503;1.B.X.X.X
ECV504;1.B.X.X.X
ECV505;1.B.X.X.X
ECV506;1.B.X.X.X
ECV507;1.B.X.X.X
ECV508;1.B.X.X.X
ECV509;1.B.X.X.X
OC062;1.B.X.X.X
COM060-L;1.B.X.X.X
ENQ15;1.B.X.X.X
13_AFF051;1.B.X.X.X
29_AFF051;1.B.X.X.X
CDC051;1.B.X.X.X
CDC054;1.B.X.X.X
CDC055;1.B.X.X.X
CDC056;1.B.X.X.X
CDC060;1.B.X.X.X
COT13-L;1.B.X.X.X
ECV051-L;1.B.X.X.X
IDD070;1.B.X.X.X
ACT01;1.A.X.X.X
ATT06;1.A.X.X.X
AYD01;1.A.X.X.X
AYD03;1.A.X.X.X
01_DTS02;1.A.X.X.X
CPT12;1.A.X.X.X
CRAFF03;1.A.X.X.X
DIV50;1.A.X.X.X
DNI01;1.A.X.X.X
DTS02;1.A.X.X.X
DTS03;1.A.X.X.X
DTS04;1.A.X.X.X
DTS06;1.A.X.X.X
ECV04;1.A.X.X.X
ECV05;1.A.X.X.X
ECV06;1.A.X.X.X
ECV07;1.A.X.X.X
ECV08;1.A.X.X.X
ECV09;1.A.X.X.X
ECV10;1.A.X.X.X
ECV101;1.A.X.X.X
ECV11;1.A.X.X.X
ECV12;1.A.X.X.X
ECV13;1.A.X.X.X
ECV15;1.A.X.X.X
GDB01;1.A.X.X.X
GDB04;1.A.X.X.X
GDB06;1.A.X.X.X
GDB09;1.A.X.X.X
GDB10;1.A.X.X.X
GDB12;1.A.X.X.X
GDB15;1.A.X.X.X
GDB16;1.A.X.X.X
GDB17;1.A.X.X.X
GDB21;1.A.X.X.X
GDB24;1.A.X.X.X
GDB25;1.A.X.X.X
GDB26;1.A.X.X.X
GDB27;1.A.X.X.X
GDB28;1.A.X.X.X
GDB31;1.A.X.X.X
GDB34;1.A.X.X.X
GDB35;1.A.X.X.X
PREV201;1.A.X.X.X
PREV301;1.A.X.X.X
PREV303;1.A.X.X.X
PREV304;1.A.X.X.X
PREV401;1.A.X.X.X
RA01;1.A.X.X.X
RA02;1.A.X.X.X
RA03;1.A.X.X.X
RA04;1.A.X.X.X
ENQ13;1.A.X.X.X
ENQ203;1.A.X.X.X
URS02;1.A.X.X.X
VISITE;1.A.X.X.X
02_DTS04;1.A.X.X.X
03_DTS02;1.A.X.X.X
04_CPT12;1.A.X.X.X
08_DTS02;1.A.X.X.X
08_DTS04;1.A.X.X.X
09_DTS02;1.A.X.X.X
10_DTS02;1.A.X.X.X
10_DTS04;1.A.X.X.X
11_DTS02;1.A.X.X.X
13_DTS02;1.A.X.X.X
14_DTS02;1.A.X.X.X
14_DTS04;1.A.X.X.X
15_DTS04;1.A.X.X.X
15_DTS06;1.A.X.X.X
15_URS02;1.A.X.X.X
16_DTS04;1.A.X.X.X
17_DTS02;1.A.X.X.X
17_DTS04;1.A.X.X.X
18_DTS02;1.A.X.X.X
19_DTS04;1.A.X.X.X
20_CPT12;1.A.X.X.X
21_DTS02;1.A.X.X.X
23_DTS02;1.A.X.X.X
23_DTS04;1.A.X.X.X
24_DTS02;1.A.X.X.X
24_DTS04;1.A.X.X.X
25_DTS02;1.A.X.X.X
26_DTS02;1.A.X.X.X
ACT25;1.A.X.X.X
ADR;1.A.X.X.X
CDIV01;1.A.X.X.X
CIRC;1.A.X.X.X
ECV14-L;1.A.X.X.X
OCRATT;1.A.X.X.X
OCREJET;1.A.X.X.X
OCRNIAM;1.A.X.X.X
RCT01;1.A.X.X.X
ACO051;1.2.H.X.X
ACO052;1.2.H.X.X
ACO053;1.2.H.X.X
ACO501;1.2.H.X.X
ACO502;1.2.H.X.X
ACO503;1.2.H.X.X
ACO504;1.2.H.X.X
ACO505;1.2.H.X.X
ACO510;1.2.H.X.X
ACO511;1.2.H.X.X
ACO512;1.2.H.X.X
ACT063;1.2.H.X.X
ACT069;1.2.H.X.X
AFF055;1.2.H.X.X
AFF066;1.2.H.X.X
04_ACO510;1.2.H.X.X
29_AFF066;1.2.H.X.X
ACT064;1.2.B.X.X
ACT065;1.2.A.X.X
ACT068;1.2.A.X.X
ACT09;1.2.A.X.X
ACT20;1.2.A.X.X
ACT24;1.2.A.X.X
AFF08;1.2.A.X.X
AFF09;1.2.A.X.X
RAD054;1.2.A.X.X
30_ACT24;1.2.A.X.X
AFF052;1.2.5.1.4
AFF053;1.2.5.1.4
AFF057;1.2.5.1.3
AFF059;1.2.5.1.2
OC056;1.2.3.B.X
OC063;1.2.3.B.X
OC503;1.2.3.B.X
OC504;1.2.3.B.X
OC505;1.2.3.B.X
RAD503;1.2.3.B.X
RADAC;1.2.3.B.X
RADART40;1.2.3.B.X
ACT066;1.2.3.A.X
ACT067;1.2.3.A.X
01_GDB13;1.2.3.A.X
COT519;1.2.3.A.X
COT523;1.2.3.A.X
COT524;1.2.3.A.X
GDB13;1.2.3.A.X
GDB14;1.2.3.A.X
01_RAD01;1.2.3.A.X
01_RAD02;1.2.3.A.X
RAD01;1.2.3.A.X
RAD02;1.2.3.A.X
RAD03;1.2.3.A.X
RAD04;1.2.3.A.X
RAD05;1.2.3.A.X
RAD051;1.2.3.A.X
RAD052;1.2.3.A.X
RAD053;1.2.3.A.X
RAD055;1.2.3.A.X
RAD056;1.2.3.A.X
RAD06;1.2.3.A.X
RAD08;1.2.3.A.X
RAD09;1.2.3.A.X
RAD10;1.2.3.A.X
RAD11;1.2.3.A.X
RAD12;1.2.3.A.X
RAD13;1.2.3.A.X
RAD14;1.2.3.A.X
RAD501;1.2.3.A.X
RAD502;1.2.3.A.X
01_RAD12;1.2.3.A.X
IDD056;1.2.3.A.X
02_RAD01;1.2.3.A.X
02_RAD12;1.2.3.A.X
03_RAD01;1.2.3.A.X
03_RAD12;1.2.3.A.X
04_COT523;1.2.3.A.X
04_RAD01;1.2.3.A.X
04_RAD02;1.2.3.A.X
04_RAD03;1.2.3.A.X
04_RAD502;1.2.3.A.X
05_RAD01;1.2.3.A.X
05_RAD12;1.2.3.A.X
06_RAD01;1.2.3.A.X
06_RAD12;1.2.3.A.X
07_GDB13;1.2.3.A.X
07_RAD01;1.2.3.A.X
07_RAD12;1.2.3.A.X
08_RAD01;1.2.3.A.X
08_RAD02;1.2.3.A.X
08_RAD12;1.2.3.A.X
09_GDB13;1.2.3.A.X
09_RAD01;1.2.3.A.X
09_RAD02;1.2.3.A.X
09_RAD12;1.2.3.A.X
10_GDB13;1.2.3.A.X
10_RAD01;1.2.3.A.X
10_RAD12;1.2.3.A.X
11_GDB13;1.2.3.A.X
11_RAD01;1.2.3.A.X
11_RAD02;1.2.3.A.X
11_RAD12;1.2.3.A.X
12_RAD01;1.2.3.A.X
12_RAD12;1.2.3.A.X
13_GDB13;1.2.3.A.X
13_RAD01;1.2.3.A.X
13_RAD02;1.2.3.A.X
13_RAD12;1.2.3.A.X
14_RAD01;1.2.3.A.X
14_RAD02;1.2.3.A.X
14_RAD12;1.2.3.A.X
15_COT523;1.2.3.A.X
15_GDB13;1.2.3.A.X
15_RAD04;1.2.3.A.X
15_RAD12;1.2.3.A.X
15_RAD502;1.2.3.A.X
16_GDB13;1.2.3.A.X
16_RAD01;1.2.3.A.X
16_RAD02;1.2.3.A.X
16_RAD12;1.2.3.A.X
17_GDB13;1.2.3.A.X
17_RAD01;1.2.3.A.X
17_RAD12;1.2.3.A.X
18_RAD01;1.2.3.A.X
18_RAD02;1.2.3.A.X
18_RAD12;1.2.3.A.X
19_GDB13;1.2.3.A.X
19_RAD01;1.2.3.A.X
19_RAD12;1.2.3.A.X
20_GDB13;1.2.3.A.X
20_RAD01;1.2.3.A.X
21_GDB13;1.2.3.A.X
21_RAD01;1.2.3.A.X
21_RAD12;1.2.3.A.X
22_RAD01;1.2.3.A.X
22_RAD12;1.2.3.A.X
23_GDB13;1.2.3.A.X
23_RAD01;1.2.3.A.X
23_RAD12;1.2.3.A.X
24_RAD01;1.2.3.A.X
24_RAD12;1.2.3.A.X
25_RAD01;1.2.3.A.X
25_RAD02;1.2.3.A.X
25_RAD12;1.2.3.A.X
26_GDB13;1.2.3.A.X
26_RAD01;1.2.3.A.X
26_RAD12;1.2.3.A.X
30_GDB13;1.2.3.A.X
30_RAD01;1.2.3.A.X
30_RAD02;1.2.3.A.X
30_RAD12;1.2.3.A.X
30_RAD502;1.2.3.A.X
ACT03;1.2.2.A.X
ACT10;1.2.2.A.X
ACT11;1.2.2.A.X
ACT12;1.2.2.A.X
ACT13;1.2.2.A.X
ACT14;1.2.2.A.X
ACT21;1.2.2.A.X
ACT510;1.2.2.A.X
ACT511;1.2.2.A.X
ACT512;1.2.2.A.X
ACT513;1.2.2.A.X
ACT514;1.2.2.A.X
ACT528;1.2.2.A.X
ACT529;1.2.2.A.X
AFF10;1.2.2.A.X
AFF11;1.2.2.A.X
COT573;1.2.2.A.X
COT574;1.2.2.A.X
GDB05;1.2.2.A.X
GDB18;1.2.2.A.X
GDB29;1.2.2.A.X
TRA504;1.2.2.A.X
01_ACT10;1.2.2.A.X
02_ACT10;1.2.2.A.X
03_ACT10;1.2.2.A.X
04_ACT10;1.2.2.A.X
04_AFF10;1.2.2.A.X
05_ACT10;1.2.2.A.X
06_ACT10;1.2.2.A.X
06_ACT21;1.2.2.A.X
07_ACT10;1.2.2.A.X
07_ACT21;1.2.2.A.X
08_ACT10;1.2.2.A.X
09_ACT10;1.2.2.A.X
09_ACT21;1.2.2.A.X
10_ACT10;1.2.2.A.X
10_ACT21;1.2.2.A.X
11_ACT10;1.2.2.A.X
12_ACT10;1.2.2.A.X
12_ACT21;1.2.2.A.X
13_ACT10;1.2.2.A.X
13_ACT21;1.2.2.A.X
14_ACT10;1.2.2.A.X
14_ACT21;1.2.2.A.X
15_ACT10;1.2.2.A.X
16_ACT10;1.2.2.A.X
17_ACT10;1.2.2.A.X
17_ACT21;1.2.2.A.X
18_ACT10;1.2.2.A.X
18_ACT21;1.2.2.A.X
19_ACT10;1.2.2.A.X
19_ACT21;1.2.2.A.X
21_ACT10;1.2.2.A.X
21_ACT21;1.2.2.A.X
22_ACT10;1.2.2.A.X
22_ACT21;1.2.2.A.X
23_ACT10;1.2.2.A.X
23_ACT21;1.2.2.A.X
24_ACT10;1.2.2.A.X
25_ACT10;1.2.2.A.X
25_ACT21;1.2.2.A.X
26_ACT10;1.2.2.A.X
26_ACT21;1.2.2.A.X
29_ACT21;1.2.2.A.X
CPT04;1.2.2.5.3
CTX507;1.2.2.5.3
DCD02;1.2.2.5.3
DCD03;1.2.2.5.3
DCD04;1.2.2.5.3
ECV01;1.2.2.5.3
ECV03;1.2.2.5.3
ENQ01;1.2.2.5.3
SUC0103;1.2.2.5.3
SUC01X;1.2.2.5.3
SUC051;1.2.2.5.3
SUC064;1.2.2.5.3
SUC065;1.2.2.5.3
14_SUC0103;1.2.2.5.3
14_SUC01X;1.2.2.5.3
15_SUC01X;1.2.2.5.3
16_SUC0103;1.2.2.5.3
16_SUC01X;1.2.2.5.3
18_SUC01X;1.2.2.5.3
19_SUC0103;1.2.2.5.3
20_SUC01X;1.2.2.5.3
21_SUC0103;1.2.2.5.3
22_SUC01X;1.2.2.5.3
24_SUC0103;1.2.2.5.3
24_SUC01X;1.2.2.5.3
26_SUC0103;1.2.2.5.3
26_SUC01X;1.2.2.5.3
04_ECV01;1.2.2.5.3
20_ECV01;1.2.2.5.3
30_ECV01;1.2.2.5.3
CPT99;1.2.2.5.3
DCD;1.2.2.5.3
ECV010;1.2.2.5.3
ECV01A;1.2.2.5.3
03_SUC01X;1.2.2.5.3
06_SUC01X;1.2.2.5.3
09_SUC0103;1.2.2.5.3
ASSU0105;1.2.2.5.1
01_ASSU0105;1.2.2.5.1
COT28;1.2.2.5.1
GDB20;1.2.2.5.1
RACT0103;1.2.2.5.1
07_ASSU0105;1.2.2.5.1
09_ASSU0105;1.2.2.5.1
10_RACT0103;1.2.2.5.1
11_RACT0103;1.2.2.5.1
12_RACT0103;1.2.2.5.1
14_ASSU0105;1.2.2.5.1
15_RACT0103;1.2.2.5.1
21_ASSU0105;1.2.2.5.1
22_ASSU0105;1.2.2.5.1
22_RACT0103;1.2.2.5.1
23_ASSU0105;1.2.2.5.1
24_ASSU0105;1.2.2.5.1
25_ASSU0105;1.2.2.5.1
26_ASSU0105;1.2.2.5.1
CPT01;1.2.2.4.7
CPT05;1.2.2.4.7
CPT053;1.2.2.4.7
CPT062;1.2.2.4.7
CPT079;1.2.2.4.7
CPT13;1.2.2.4.7
CPT14;1.2.2.4.7
CPT504;1.2.2.4.7
20_CPT14;1.2.2.4.7
COT06;1.2.2.4.3
COT07;1.2.2.4.3
CPT065;1.2.2.4.3
CPT066;1.2.2.4.12
CPT070;1.2.2.4.12
CPT073;1.2.2.4.12
CPT17;1.2.2.4.12
CPT503;1.2.2.4.12
CPT508;1.2.2.4.12
ACT04;1.2.1.B.X
ACT05;1.2.1.B.X
ACT06;1.2.1.B.X
AFF02;1.2.1.B.X
AFF03;1.2.1.B.X
AFF04;1.2.1.B.X
AFF05;1.2.1.B.X
AFF06;1.2.1.B.X
GDB03;1.2.1.B.X
PREV101;1.2.1.B.X
04_AFF03;1.2.1.B.X
15_AFF03;1.2.1.B.X
20_AFF03;1.2.1.B.X
29_AFF10;1.2.2.A.X
ACO01;1.2.1.3.4
GDB02;1.2.1.3.4
